name,lon,lat,photo_count,photo_url_1,photo_url_2,photo_url_3,photo_url_4
多摩平の森_20250802,139.382556,35.6662084,2,https://mymaps.usercontent.google.com/hostedimage/m/*/3AE5a_Gy-hnboazDe6TxjSt41LeePzkSFf2xC2I9vVKx_HBZEELLvgH_naHLc87rwSdiNgU-CE3aoXzswDem7FP-kvFCxdsApfcx3AFId_r0MHNgg0KOCcZmaHqF6E4uFjJC7TUk8Y8iFHzg5H-ga9yAWMfouR5KLwoRCn8lZyC1Qkp3H3Ps6udgM7jVoQXX-qEwQGzjpOj46ZIaq_x1Na8h7uHyyrXPFt0_vzDniHDLycne8y0WauG1mWgLFnws?authuser=0&fife=s16383,https://mymaps.usercontent.google.com/hostedimage/m/*/3AE5a_GwOjvBDbrlQ7m299AR5mkfB_dZJg3oh7T_zmCrQL81KL0OrG-bS7sAtZnfQ-xmxV6chP45_O_zVOog1gD_WNyv8RVAq57hiJWGRFESkJVRxtEp4tUW3x9IUsG6g2-oV9scqJaDdMUh-AHPa11aIM86l0jPwkNvW_iUz3O3vmSL-bT-CWULPnBcfpbYyQykTmYMfNsy2LlZvBO5ibaKvweMyhlLiDYa3aquuk5r75oyHGz5XfTISzJBqZ8k?authuser=0&fife=s16383,,
豊田駅前_20250803,139.3811573,35.6596403,2,https://mymaps.usercontent.google.com/hostedimage/m/*/3AE5a_GxAYXcZvbJADXEyr_sELfOYrD5SN-pggU89UL80f0J9rHkUMkTP2ZGsLp8lQY-zs5bMrvG7XtDMM9ulYchrWscUgmyMnoolbI_ddPiKPwjWF0kYeLamnw7kMNc0B5iaE7DzA1oNOntgpnh3eSDzuehYZOYm3R-1ucvwi7UEmzL6f330tIVinqXF3G69bGoF1LFrjsCEyolbCQnyY8uywT2YvhWSHGGbiCAGW2EJ8eGJ7dEPirMn7JZhoYg?authuser=0&fife=s16383,https://mymaps.usercontent.google.com/hostedimage/m/*/3AE5a_GwZq9na59dzrfIEOcmMS-G035hGfm9LviEJMqpNrmofgiEvGWoJdU2r7_HgNyrliml9CzY7ghD7mTgvBXLk-5JgOAFGF399R4VYHJsf1jslThL6-galzup5PZMBwNetWguYf24jGltDSP64SqFzytqRORbBFTAjIeUdjDnrb-2NUjVOn_U2vwviQIdDC_kWyJFlICsnKvPeCZpxuZJtu17lLwPZ6TrP2a_IX_81E8scGZn5KHnpvHdG8qs?authuser=0&fife=s16383,,
豊田駅前２_20250803,139.381255,35.6609839,3,https://mymaps.usercontent.google.com/hostedimage/m/*/3AE5a_GxMHvVrb6FBm6ecFdJ9UUxWAukkpWdpRj_3pdwNAYMqO3xoWaH8QvslJn4GGQ-AD7u88yz3fR5LckM53yJt9nVxdxUbqUDo8rKo_TQH7UgS4K3MEcKWJpat8EXu1PNTqA92n9t6SadwyzpBku0koqv68srlqoXwNmbhAf4ZD84xODBD45dcaVtm_ThlAf7mY0eu5sOJOWpsQKxx0dch2JdZ4NkVZI405PMis1AmnYpA6Cp58M9NbYcU-go?authuser=0&fife=s16383,https://mymaps.usercontent.google.com/hostedimage/m/*/3AE5a_GyTAswe1fqFlyk3BaUmDxf2UFee7sVat3poxFNXWzOoz_d_otZCS1L2lk-DvodrK2pmOFe7freeKPvYcjKjOAwp-SZqxv9OllsiKhtSQq2UJMRNnbgYzSrLUlLXseEbyU4PdSZB6MzbVW7rkDyETNFbHXyZ6PLCl8yCwtIBSW_pJTFabPmQc9D7E6Ira9tkMdINNIGuJTZMjn_6gkwgbvjXLWIvbW2_KmmaETaDHNOIUi0an3RWCwk-kbo?authuser=0&fife=s16383,https://mymaps.usercontent.google.com/hostedimage/m/*/3AE5a_GxX6ppDp3r21g0r_WQWBBW6gKH1342JDzqEIXveTZQy8sLW7y26MzS-etI8BDVX-BdxfE6ViirVIepqsonLzffGfezxe_GpSmhwe7NdZVVmu3fat_MgdgfIvV4-gIGOZKVnxmCXsdgKhWh8gf8nWeIPNcbdikHeXiEzZ17BOQcwdZNFpATdBbf3cS4ISYyGGAgo9RyASMF4dj8ukkR9k9lHlAFh8E3tt_egeAQ8honC1y2LzxHcUGDkTGc?authuser=0&fife=s16383,
富士電機_20250808&1012,139.3758646,35.6592888,2,https://mymaps.usercontent.google.com/hostedimage/m/*/3AE5a_GyMUBn-kPAPzWWM5y2bawKiOtilxDCFmikB9BO0lXggbUaLWyGvPvibqlllLjmDPlLZZ24sg9tdCcTHUPmejwwNSWNxXV6T4-VQ73Vcy2T9dGk_6NplZOAnnWnmOFwakc9-EzjoaLoqfj9LLQgazrrxx-R4ufJ_Sq1iee6uW8nC_dq2onYUgS7fsE9WW5sO1El6PsxJlVeFDcyIb-A2gvTNNlvcpFM_VxkfpcToti4-P5BEQB-YINQW2wo?authuser=0&fife=s16383,https://mymaps.usercontent.google.com/hostedimage/m/*/3AE5a_GwKIcdWzNoUYQtMTiwkcF7wizTM9KATvqvETqoq8FAi5pgIwb8e_wS0AbE8GbRq91I3bhFoK9onGxFMtxftgM9_1P-GgMvn_VYctQ4DnT72blKgOBqY4Cq9qU9mOYZfnyzjQxbxgBuiY3VhggByB-YD2KC378MD0ZxwSERxpftMy2c9DIG6aD8IbxJr3KHfhz2WUnGIdH1-KLjLFor2FkaVe3Ufgf2q3TG7G6NCALJwZILvaTBaUA1OAls?authuser=0&fife=s16383,,
日野20号沿い_20250809,139.3806324,35.6679305,2,https://mymaps.usercontent.google.com/hostedimage/m/*/3AE5a_GxYUPfXEPqm24EW0OdPMrEcv-rqmGf5zKaHTzfgE1fHvGnr4NHSHg0ZqkVY0vsqPw8Sd115OTK9wO3ey2x6AZgyKsG8wdl_rw5pwZcVi7lAZCSC6ETjOcTsy5Ao6XU3dLoGntUHnAEmfHC_BzY96lbjUjXWTVUib5Hq1L3bWDMoN_dK5dyOfF5Q_2Yl4gYk_Eof547Ay8vmRQOxX5kyy11xNW3sn7XEkm5gswWLH0a9uHAN-1QC5i0ppNk?authuser=0&fife=s16383,https://mymaps.usercontent.google.com/hostedimage/m/*/3AE5a_GysXtWyt2jm9Z6U3iGpBGFyTqWTRrVupGczmGsIQTzyNB61ucVigDYr2CtFwLduaKZIqr6E4zhaV03rwz8a40qA9R39Fi6oWGMjY0R4WIutrlEI_Ejwfhub9wNb0cNMy7fyHd3Wl2XE_0S5GYc9_RKbJw_1O4xZs3UEnaN06voxBDKN15pQpC_EnI3vUeR7EXRfn_pkISFybHPAdmF4jwOf6h-3llS_G4e1sDZyd8D-iIffkPcWbZRqROQ?authuser=0&fife=s16383,,
日野20号沿い2_20250809,139.3790123,35.6678717,2,https://mymaps.usercontent.google.com/hostedimage/m/*/3AE5a_Gy1zNQ4M0yi-_voBLgeQU3tQNrEdRRTlOrR2jr90HpINGr85aOqVcabMvBf5sR31wbflHyG7zuVn8g6VdR-XoXbfvrCFzgcZp6rbxF2c9W68rjhRMu_DgvKZu7b3bi2R3nUDv_3BYGi3lqpNjV4HMsxNnsTOCyvT502QxsSUweerkCy-ez2n9b7bHq1yM2UXNlHGlcVpG5pPo41pkMG9B4BTJLWNrLBJLX_0HNTIJGsO3Dfz9ALqzdff_I?authuser=0&fife=s16383,https://mymaps.usercontent.google.com/hostedimage/m/*/3AE5a_GzoMwXdUNJQw7iGzKToq9mDyYxMUNPFvzzAzyfkN8u6veUGW1ZV3W3K3KBzJzP4U4rSC7hi1xydwUswJQz6tnCz8rfF7Hlie3tESGF6ClTmk0XX2Z08whlc3sZGKAUmy1ztQt-CwJTYIrzvyFsVKfoiNW5jDx7k6kpl6c_s4GernSKzFh5cDe7O-5VWcggyDVbzYylWZSxhvv63pLwxfLV87wOUSF9ktsoKtTzXjqdKR4d-h4C8jUnId-U?authuser=0&fife=s16383,,
日野20号沿い3_20250809,139.369502,35.6645299,4,https://mymaps.usercontent.google.com/hostedimage/m/*/3AE5a_GzySKrRUC9F_osH6F4g_pQdSKsYVX6iaGYwYMUWWgVxsDHl9iSHiNAkrpBLTzaE2Fc6yRpyrzxpHlc58Y3hUBjzWnO3d13cdsUj5PwjFhV66bMAkcg3HgUDa0teA5_JnYxo3hodUjl-PpPokhZWES5akjxwVkDn1R3cp7O_L_tEIQ5MrUmLwz7YYyk3tBqXMrnljije7p-9MRHPBXxDG19G0_YXlXq7omgfdSzb8wdaTzwJgN8wqdFW9sQ?authuser=0&fife=s16383,https://mymaps.usercontent.google.com/hostedimage/m/*/3AE5a_Gy1PYKCrypNvs5_lUk3nLelQfPjFWeYDEV_JuWFz8fHyprg7JpqBmTQQVxRBP7HGSR7pEW3k1sCF4CNP3jIaSbzKDY1e0qiySMezht73eO7vGxFwm7Atbk9arGzgvTBuKL3nwPFqzGXkE4b1Zk_iLVsr2qWYjC_QCMakFZ0otQnUR8lnwotlQSFQVt-bO-ZbCfh1uFT7gdAjGlIymmNi24749xS2g_iE8lGCVffqWMGOAonE8hpE6kO1sM?authuser=0&fife=s16383,https://mymaps.usercontent.google.com/hostedimage/m/*/3AE5a_Gyn8QH4s3xjY-hcn8o5nwn45bxj83h6hfUihxlciFVOMRxA4S4bLhmVp140q2C4R6kwo7jCqNDF_3KwWhz-lICUtrnRTyWIxNXX5gNtXaLusCpXQ3XtwTnm_oi0p78VGKxYDDKcjX0jYub03Nn9c1nDKRsyuqabl09Gm4CUhN02dkG9RSNJEQkMJu-N7fmrWcO_NEXmArxlY-VBbU_K2P_mRPaIkkn72BwE28gWIxSbr9zGyY2X9jbyg9s?authuser=0&fife=s16383,https://mymaps.usercontent.google.com/hostedimage/m/*/3AE5a_Gw4pSEB8RxKn8TLuoRe_iRivzlXzUNlaa3s3Xh0XI0ZP5FTrrJI-mT9MzETBRYqdNRQNdEsT2JfRBKScz6xgBqfR9h64B4HYaTP7Y9BpGcmFh724pSfdR16TP1Io4rcRBW0wy3vuNywL5XG7bx88-HTzEDpbYoDdxBc-K6clmhRGkFg32x-769n_YrnBxctzyuu9OMI038461D45MdXyQwjNCbSs6lyJ9V-AlwID5uHVz6_tBQ0ho_oOhM?authuser=0&fife=s16383
日野20号沿い4_20250809,139.3699472,35.6656042,2,https://mymaps.usercontent.google.com/hostedimage/m/*/3AE5a_GwHg2XpoULXL7tEuP_4i0lFmdDBK1Bzf3XddGAElk9TsBK4iRwZ68s_NatmWdGut5J2ZZr8k7sckDLCDjVi45eOovSdmJTAV7UD3p2ig7SbkT7XJhF9sfQLRtjHR2TeoUXzRdaf1qZ8jMS-ssCxn687mTfyfg5ICKWTDyCxuhPKPw5Ohg6choGrj_TSo884klshz1JRq6ifQLoVwfdKEI_Z2oQz4UYb3KT7nSiSj5XMCJW5Hc4VQ-cRJks?authuser=0&fife=s16383,https://mymaps.usercontent.google.com/hostedimage/m/*/3AE5a_Gw-G-C-l4sZH60RYro-iWo63ouNJNAyYS14wscRj9Og_EYvQCKX9fWrXq3H84tmGCBid-1T8UcGVSEbRFZrSg3Ov5eHMKV7Utd2VZwy_vKxtxCEGn44mkTnRLXDYACHrdf93lgScRBVKeiR1x3IxbjF4WfE18va-PiFmbUA1O9I6A8LTjG5N0QIbpkC5ihnJiiFuPzINWykveFSXleb_DXfgJ_cI5L1avbGmKuwab6tX7BhDS-L2pwJEaE?authuser=0&fife=s16383,,
日野20号沿い5_20250809,139.367839,35.6645735,2,https://mymaps.usercontent.google.com/hostedimage/m/*/3AE5a_Gz8x-tPoZJ1IhTeGXBzD8a0hHuvhjW9KjFypkIw6vb3zfGG3j7AaXdxpbp4xwWus7Nz-pkXNPwnu1SqUIIRzwF60376n5W7jo1FMBeQ_EPHuDCNrkhQFmw-UH5O-k0lPbsi-miQOuQy2ggqOSfcKkVoUSwgMSnEFhEfoj0jF1z6qHcP2QHQgVOdyyOMH-16jYY0Qws7B54Zz7_UBLnLfLrie9juiDe1StlJv5gy93KGmd4zeUDTsFzrA54?authuser=0&fife=s16383,https://mymaps.usercontent.google.com/hostedimage/m/*/3AE5a_GwsrA_8CPcQeo5QCs5rIJlV-5hzVwJ86LE6DrTmQetJP30ideP1SLtQ7fnLC2FcU3wKOanvFDzw37sNeTggXKWdl5hDk5KggbofwHj-Vu3Zyyz6wgdV0nbbL6ddRAq8w_e4SBdtptqldOltOUaGGWwBekl6vGoauBZ1S4bB6rh0vmNFau6IaPcY_ZcARJRKChxvOagDu32X_V893Net0d-Y3yAI9ielu_MCsx6ZwfDrM7VQphu-VUjVklU?authuser=0&fife=s16383,,
日野20号沿い6_20250809,139.3672569,35.6656783,3,https://mymaps.usercontent.google.com/hostedimage/m/*/3AE5a_GzoUQBiWJipMRy3UfWB2txcFYeY4xfYHyn3m_N3kFuFG3825fC8_nS7f7HXLCbB-5DiAhZhnctP49-S4pd9pBX21odZ4EQavF114j26-IaQzHrvqtLnLqeo5PQQa9yVo9gbJEvwwF-oR1gI0buAqWE-6L79kbFGz3K3uQbMJXBHiQ95A571FZd4iRSQYH02oycx3BFOkbNIg60FaQwa3m4OSAvH52K4BITMPAE9Pw0D7erdWQIbueoUK_c?authuser=0&fife=s16383,https://mymaps.usercontent.google.com/hostedimage/m/*/3AE5a_GymbbCUxgYOhrk4JknOD55qIG46Jd9ldBG7BF_-P8zk9nAdAAtgYUTKCcyaTIchAbtN0f0KUDUXkIurLVjApdeu_RFdk9goS3ton_y8JlpsBUwS8tPUVVKcZx6rU3yAu3ZAcLjEmBvm3S12jWR8r6cNPHAlsTbgmZP903Ur36AIBMD3wopWEGbJmwm4iWoeo32Y6PKqQTbYehxAobaTH6ForJ5osd-2WW7WafGlIaMFwpcw6ihhCL87-JY?authuser=0&fife=s16383,https://mymaps.usercontent.google.com/hostedimage/m/*/3AE5a_GwFfW8mXXodwxeevt7Sg5fDFca9xBx_sAjzWBHjChIze-2w_RZT7LMyx9gPs7YXR9WehfYadN2fzIiKclVjSKOAxzrJhcnkLLwf-Lx8CtEjt2_FnzcLGHW6TMHpHYz-TmO83zo81-XVkX1O86UqQH_VNItlMxw8cPgz1oBD8ummDuz2WRLt0Jp02qXdH-4BdbSvMe6jW8L662Gp6gzgvBao1o_LAo9iqdvafNYsu27FmScB5bXOulVt6zE?authuser=0&fife=s16383,
八王子20号沿い_2050809,139.3621205,35.665419,2,https://mymaps.usercontent.google.com/hostedimage/m/*/3AE5a_Gy0hnWfdd0xI4hoQjIKQWSL2rRy1sEuyyOyUe0Sjp6AtNuH47iSZ9BZrU8NUCGVsFvdiojs3rGuxkL65v6I_1l0Thmf7zTCTpavkX3oWqpx9JL8G7bdqZFXnNK52CTv5q72t0Is7l4OyVGTUG2n1c_SxKqC7IBjSu0Uj_deqemjAR95XaQDYjHgYVentr4L4p0r7JVbQmdDZo9v3CU3txtX8Pjf-EZIxiI0RVglmr1-AMY5UFipu4Sw2cI?authuser=0&fife=s16383,https://mymaps.usercontent.google.com/hostedimage/m/*/3AE5a_GzX59UV96IpAWLVwnTHgwwmV7DyYoZF0amg2bwaPOuQKveXlHFxn2gmeIo5eF_xQAiy6ZJ4nbwpERjHxSiqoq_4j_X9SZ_-xsNfG4y0tpF8PAgNco4xPNABpgxlG9f2OhxSL-ftOk3ZM63bOnlME2JrHoUOpxRi93Oa31P9u1OOlFowfqXuug5sEKPlTXR9Vcor9rrKeS_9SMCSR5U3kdmOgdyuyLYXIcM4CM8jSGfWNcNlvZP2HFIo90g?authuser=0&fife=s16383,,
八王子20号沿い2_20250809,139.36357,35.6659986,2,https://mymaps.usercontent.google.com/hostedimage/m/*/3AE5a_Gxci3lRQDMosj_deVktMDeIREjzSmMR4NxQ5TbgS-oeUcEc7lyltOwVN96Kx7KW1woSLhlSdnV0sh84sCR28VJ7n7X7qNQ1lzzU0p4pUSTM_8ukEcg7JKSS5UqZuURSUwWYKLfg08nyGjizWQHVxPUfFvwOvucKYgS0dBzrTid-VRAtsLsH4bmjUeQ6YYp187Oz613iKawtByLXoXlOo-UgE-8dtpeRrqgqdLMOgGRwNqWLUIXR1gtvBWY?authuser=0&fife=s16383,https://mymaps.usercontent.google.com/hostedimage/m/*/3AE5a_GxSlU2q2AfiDomd0gzwieOW5pvEK4F3iWE8ApBWPp91zc40jkoSNYuHbEBGnzw7DSyqbCc2h78NTVsHTWrCR1DZ71sRd-ImkEL_Hx81ClfDo4IO-d7ifhab0KEFMy1j7rGvabt5c69Ulygh-Y5oO4GusV9u38R1tYiTGOEgL8z33c8-tz5MWCPWlEsO16fpaqgRQnjgRhtECMrD-T-3HPbDR3_F6bbc5swyzeU5DrL0vw7KahAsEcGRmCY?authuser=0&fife=s16383,,
アジレント_20250809,139.3642191,35.6684871,1,https://mymaps.usercontent.google.com/hostedimage/m/*/3AE5a_Gw2c8qk4XnJOTYvIbfLLYw5w0SwpQxHFm4y-eXY0bo4-r_8w50L1QK7U9sgvCxW2902OjCjfEwrl1FgVvd5aks3paRuzyJ6Yz2oGYvqwn4edSeaI-2VEoIFsoM8OWKnYzurm4jOPiGaZWc8DWPsz_YFASRd0TlMFNkEn8TNHq5ALaVxUAcxrQ_nM4u3Gpo-ur6mMCaf4spplbryHQX_UiCOj_10WkL_mJMaJmcjdCTSK_9W4RBhkuXsT0U?authuser=0&fife=s16383,,,
日野甲州街道沿い_20250809,139.3688941,35.6684841,2,https://mymaps.usercontent.google.com/hostedimage/m/*/3AE5a_GzTB8ZvFZRjV8PLx9cYciDh8F06r87khcTl7w4ZmakkBTajlMF5szkpTOs84xbaD_StgTC__HhP_XhtbAyNEnLej24FkcEH8ZO6BAlvGpMBqopxeD9Mzrnbk9604yoAW2Emlzbeoc3B5-v_8P5-2gg-ql4h5hGwyoUjwgapukedZnY-xIS-UYaUBnvbNa71yHvfdzbMdTUZQ9m1SiHs_-I8lw8b3fVAzN0Tn4TM2xVXdyemDJofTrV3fYI?authuser=0&fife=s16383,https://mymaps.usercontent.google.com/hostedimage/m/*/3AE5a_GxskeQLqg_2J_pcUCDisBcnEN4hqDMLjENX3QzGWg0-dxbXwstbfYLC0etDMP_GquTmqMsfbTtj5nETaFRZ3w_lcoDKF6vvaucq8eUlSl6wwYRUTc7AQ2C8z6lXLErZv0ivKD-WyVTv8XTxkgwt6XIkm8GzybGFLdVrauESwGQgg4D3iNp8FGb4d89Jdh1MfVLG5gD_YlyShsMamldeQ7mPgprSr2R9xSV6c0yVk8lmG19X1NRlUa6d_Hw?authuser=0&fife=s16383,,
日野甲州街道沿い2_20250809,139.3695674,35.6682379,3,https://mymaps.usercontent.google.com/hostedimage/m/*/3AE5a_GwUxzds3WR4-AeJMSBQHOCftp_twQpzbFmVwN56Sl5yOo7xTPo8yhA3q3n74WXt7XUNB2RSjhL-yaskms1rX-6mS34rty33oXcsecon8NB5lMdvZQRk96kcHEuCKla7XZcbZF4K3qnWb56SPrC_MCyZbTfSQv_TV1F8ngyC6UytgaQDzCwuSCzQhEEaHGZY9n2s2fi4kWD0Wm6Hd-4peG9580Z5JuV-vuHzHzSnLAYXNMn9tm6xcPRl-n0?authuser=0&fife=s16383,https://mymaps.usercontent.google.com/hostedimage/m/*/3AE5a_Gy2q8IaX4MfBHXpKicl3rtNJcJIX6RR_9Garhi_P1MMzqsNvHy_vrQUrUPf-VmLl17t_DHJVqZ_rjcrqxNjuyx5zphaw6SyxILuIhe8o2OROzzxKVOirjTm4P1ospAacftEChd2DimxL8CSdb56Qqj1l3mln6aa0GJ-fRQwIG_BCHAXS74490MCxluUJ_re4OWUcD3y8OGKW26AbiVC9AYqio7JSpwgW4mnl1goi9FRvsJdWBdN_wfg9_4?authuser=0&fife=s16383,https://mymaps.usercontent.google.com/hostedimage/m/*/3AE5a_GzRUF1X-aGQ13pYCgdPj_Pz2UsP55cAf74jCUWg09f2uY2Q9rI5Jo47IHKWmRqX2gsBpyguw3e8SY-SbbNiX5h3kzGnOOxa-hw7yhOh6YQ6JkUwjlhgLW-FJ3w5J6lzhRsuBSilXSYpSvatmqfn8AxXPQgxlhwz4YGjgl0mZM5HuyS5Ew2aepbPD4kD_HnRfWJ4GHqA-kS6mwqBA0nCjFD-S7RHMLI2-hg72X8sO9GKWnFcSOSfMhTVycQ?authuser=0&fife=s16383,
日野甲州街道沿い3_20250809,139.374456,35.67099,2,https://mymaps.usercontent.google.com/hostedimage/m/*/3AE5a_GwdQCZxe_T5vIGjNoSe-7v36a9ik8TbwGvvZ3BHBF4N9xyBu15Z8XY2zHKUWGfKywVY2FBl9uRDN-TJhZfowu2gCP86svK_HPn-sLFMLs0S-vQZ7NjyL7kelUZICo7vz6Pic3kfld3gCfvc7KnbFiogkdx6CVhrlymszFJzl4JhASGsWekI_aJUxqIRY6Ifr3hRSYZTVFI6KpPaY_foSL3KNLnJWEy7HehvQnImndJsJrpyApIuqPSynd8?authuser=0&fife=s16383,https://mymaps.usercontent.google.com/hostedimage/m/*/3AE5a_Gy2m2GI2eRtL0FJO4T4xFMNjLgoM8Ix0JyGyJQJxtm8_cISkBeOkzX7KMbBSHYoVhcZGEu5WhKY222LmLX_rVnAWL7k1O59HZRopHo49CHUP83l29KBnGf75mYpEnDw4GsgxJpuIBMoWzw0GWQo6SkyKvGV-0nhnlcfZt1FgurU3Xg2SMy7iVqkBzbVaaiwm4KLt4CBdP2PnxoqBhlnt8JoUULefDCf-d6I2ThaCTWKpFkECJxz2o96Mgk?authuser=0&fife=s16383,,
日野甲州街道沿い4_20250809,139.3757901,35.6708797,2,https://mymaps.usercontent.google.com/hostedimage/m/*/3AE5a_GzKHpg8wCn63O7HZnekJDJQ8rihZVxlzkkcQudP2sHhjcOmH2fJ08SaYCzqQaH65ebXKUjtSU5sw1Bm9rVWXOfSwl1wjaxemtc1TU49uXpdFItYjtHyBWob69HHriywn-p13jc1-hLwDrAfXTSPULUfh488rPe_15C9pgOBNmQ1RY_5-MuvKKOEctsHR7zrSFXXsTLt-gEpabvXCgKKRgWCrmJcjik9z2JA3AocAQB57C_1BWYY-WYvCgs?authuser=0&fife=s16383,https://mymaps.usercontent.google.com/hostedimage/m/*/3AE5a_GxWQPc38pXA_3V-we-OeQwM7zNcD6kn8ihQshLfH1_rwSaC_AS4oclNoYlvaXUfsoUpb04auKW7jk-nx9lK8ZlxexVwlqauBaZHSM_6RN3gyWMNJpGKEmBB8Y20eEg49TWmCHZNTCILSWm34f3K5abHQdIWVNbFCI1bEqo95acjOHG_AFEut4-EzaM83jZqJG_FehU94H2Gwk9vuT-77v2HHoqe4du0ZFrYCV-Rl_cOH7Blhk9Vv7eRX6U?authuser=0&fife=s16383,,
日野自動車_20250809,139.3826404,35.674283,3,https://mymaps.usercontent.google.com/hostedimage/m/*/3AE5a_GzzQjVWJme2sjIdLZPFOeHXzys-w6pvwc88xmjOnlT49alZ9UfNMqJgyuE17CgPvamTCYvkX8-XaNbMT3--tQtWUak9OJFd6U1BdIP4kaSrOCKZdyuuwonMV_XGacvMmmicyxqsjY45cN1QGUU90ESOoIkN7kVZk6h34qoERgJM-5BChOpMjfPOan3Xy-V9osqOcEKius-UcLyLvEwTEcEO1ZO01ppzLcgaDgjjwtVsiBgH8njwTSnB5aQ?authuser=0&fife=s16383,https://mymaps.usercontent.google.com/hostedimage/m/*/3AE5a_GzcJUxjwqm8TbWM1YMQhlxDkpXGjxe6Qsrl0zgaAxoYdzBP96FQIr_xonTOpxRAjspZBw9aKn-z16sbXeMP_CLQ_vfQBtJYnc_XgGQgYOnmiGjIVs80cB1jKN57lE8v_Z4oi1wt4VuHDFGXzLDzfNoQAwSkp7oQ7UHkPAp4VHCVkdw0-avL-9atpxF3EyF3DQdWdP4TrYHy8DEAhMqq3t4vgtrO3oXwP7IDfwav9XfE17wVtM33yx7fHHs?authuser=0&fife=s16383,https://mymaps.usercontent.google.com/hostedimage/m/*/3AE5a_Gymkz_X7vjADs_6BRrSoX3ZgdPwANzNwDNMBPp718nXPQ6fCk-UOPmq1EU9cL6mG46fj4jvfke53LqrvADzeAptil_ymMniQV8KYwmr23lU66aoW1UoGEYL3L5QLX9dR-WN_M-qIwZYYGSes0s0T-DgXTcou-A7JQrsWPnDZA5Y5Zh0_hzLCGXUH_h9K8Q7tVivJ1Q2zBeDRYTM3sM3IovwAysZY4HdNEIyNaCc0iyJEdOxOeMRi4BGghc?authuser=0&fife=s16383,
NTT日野_20250809,139.3819216,35.6717032,2,https://mymaps.usercontent.google.com/hostedimage/m/*/3AE5a_GwuLx3QnzppOxxh--zMEXO5iPGrMwrgIvWiS9UxuVgQD8qz3kt9uYHtNMOgn5yZy7qJ05os-MRhHotviZmfpAf25SWxzZSrIXXljJIpwayDAAJmICrB7w8UNlR7asIrZIrvaJWqjiKLoUdYRD5p5wO5QI5osANzTHVx6OtKEV9FwhWp1jdyS-3LCktvZo8erJdpO546QOBatJqy1MbYU-OEx-vEk1nc3OOr1OSfDxBqMEmn2tTz_gCK5iI?authuser=0&fife=s16383,https://mymaps.usercontent.google.com/hostedimage/m/*/3AE5a_GwHpLJGPdXTjbDjprWsbT1LXBSpmb2pE2SXHlyW8PXjyBI0Fv-tpGsXjt8E0wIplMxW1_cW2LDKAi46F_Av3K7h3BgCFLuKTeBhSJD1uffGXsvk34thwAyq3TgqfcvejIuLhMTUnc9ZZaIPC52jsjrLJH9YBp2lPCcgsNGYVBMoKG3j4ZxLUyuburAeeYKmQEurCHzJvGynHuyTo-bN4egkgkDAJMTSzQMIetvZPbOhtqmGxVF3Nv0w2Sg?authuser=0&fife=s16383,,
日野甲州街道沿い5_20250809,139.383134,35.6731064,0,,,,
多摩平_20250809,139.3783116,35.6634336,2,https://mymaps.usercontent.google.com/hostedimage/m/*/3AE5a_GzLkCfWfEHH5EPyS574nJt0Janzh0QUUpveTlLDSgMF5kwDPo-q4n9sCd_9kZarkOQVW5d4VoJLChhrGKt56I6mo56GtuCnwA3azO8Jt45Nky0mT9wHLmBWa_F2p8HGfltQKm9JvyHikldR0Bfz8JS3YcgHw5HoMNuOeJcD1x1xuJbjr4-JK2CbGIdSYr9t2yGrIdz8ZlhNlt6xioPAuXA1_lPp6DW59siJbfRzwKxfsCaJYUKWMIbfIFY?authuser=0&fife=s16383,https://mymaps.usercontent.google.com/hostedimage/m/*/3AE5a_Gxid9I_whUsYjY2mO4yJM2cAPZGcRgPId19CSJIzK9HUATW_jyrnc3BEiFaYDTD1k-PiFwp4_DuJU9A2ciwe9nW-PRdvRekUMn3VXZeL7yHFeN7QraCFWU1qimZ_0espfRE8coX9Dzlw-ZHcgiXeho_i_fYejpZS9F2AhoBtNxV7OLVgNc0MKQAd2qqesOBqoSsZauSbCXpaXo_myar-9S8wr7EUamRQisNtRlXLLhZssL2BQrfj1s-FYg?authuser=0&fife=s16383,,
旭ヶ丘_20250809,139.3713773,35.6618777,2,https://mymaps.usercontent.google.com/hostedimage/m/*/3AE5a_Gyxbal6YXM0V5fnUBMVCkZyJkc4i82yPeNrarp8FvEIFcUGUZAr1IBZd4uOG_KrczYi3lbZZ_CW0v5u3HlFOTfb2D1GJIq516L2UHw0GkSyVWWxP-6vDE-3IQTppvEyfNhuwuJu6LGBUXzzkcG6FiEPosKzPXPmhGtIebmMrek6UI4qxGm7EjglYelZKIB26Oqn5lw_4FPFMxUM5MsXRaQUK6C29aSGEsFsODdKB5_a8vI-u9L-Dnh9hfc?authuser=0&fife=s16383,https://mymaps.usercontent.google.com/hostedimage/m/*/3AE5a_GzcYEB6sb7ipZToa5JagjIIkxVK5HLWnTK4Q4KwOvOjDOEKBb_Oh4e_4TdKZyzCyRE2QE76m8dqpvH3Nf0RazDNBnDlgOczbBu4HJc0R-QEym7XWJ6o7r0uFI7S6WmDDu2Zo1-LeGdjv5PQqJZ8w9vi5eid3yMOC_d_3bAp8zDsBkmHRE8N3SGNHxx66-ktHmN2fjJZSrfPQBfnNmmKhyK56eiZ8nZ919SV-5nzcY6PVjM6KzKdGCgoqv8?authuser=0&fife=s16383,,
旭ヶ丘2_20250809,139.3711252,35.661115,2,https://mymaps.usercontent.google.com/hostedimage/m/*/3AE5a_GwFOYbTki6pcuhMDX3PqyaofPp_YJjjwKXcEnkmFQbnHNLyiSasFIChV7uafvoN7eokeqgx26tbDN8ZJwo9T9hmovTFEmWkutFVqb0mLx-fcIU-ROYDVqWHronb9fHB4pdCbP4wX01O1FUhrqMpwA1b-TvDkwNp3I_N0X94rTTfP_ulIxK-6zy3_26gF77l86xS2EmCxxAaWC77kLNkBNmr7UKKbc9cvN56go0h2tXkNw3M_Z5lFMafceI?authuser=0&fife=s16383,https://mymaps.usercontent.google.com/hostedimage/m/*/3AE5a_Gx7_sY4pf5jWKRCMKrZ29YrJIOm0O4LoYEVP3eC7hwqb50ZSqIB3cR2jUHxf1bxVxrE9dHVHVQCg2sdDbD7SkRR0_GfVaa9db6nScQ6kW5VKcilYrej0i0nN6u1PIZIPjHQ10B2IVAi90SrdgVd14-2hETxQQVEBzj_MQaNl3LuYWWptyXG6j9tVZ1QJHetCTZg_KFeVpeoKfEDJ7FnD4g4qV7DStep6xfBiUXHCn5vznCSyT9Y3Ope0qo?authuser=0&fife=s16383,,
旭ヶ丘3_20250809,139.3625843,35.6607642,2,https://mymaps.usercontent.google.com/hostedimage/m/*/3AE5a_GywEdtczin0GZ1K6MslB7p-I_AvUPN3MAgUzkkJl94p41zorDBSIrtzxq1NHUC2Jkv34EzZSCtXhI4Me9zUv9hXO3q5qriP2r3-IVLOAouZKNOmB2TmDiZF3CCBfJ7RH3wvrVWATKa3--wfiddi7nffnB6uvxqQ1KFTC_MxApFQopMCY_s0Hy1wVkK5yO-hxSdotDaZrDLVS9nj1yW5gKUMWwiEfQPuA3rfELH4vpW4Ii7KCylZI3pekyk?authuser=0&fife=s16383,https://mymaps.usercontent.google.com/hostedimage/m/*/3AE5a_Gx4pimmyWI2ZpEfDK9VW4OebCcpiZ083vHZ8ZKwQRI-X1FVwMN5Jf-a5C0NNqTTvSeZknIuJZnVVqVdlh8WuAcCzljPfo5H0PJje2x-lnT4lDDCdsF2WUqMUQkQj1ZroZJ0MAWoJor4pg11aUBiP-6ayUZXJYBnfqGNpw3ThKiP88pTjpwcd6C5jT2YdOT8gO3ju09FvA0S1AFKxu09N7OKZtO4wFmf7xzVxOjcy7p7Lvy64yi1J6ycgIQ?authuser=0&fife=s16383,,
旭ヶ丘4_20250809,139.3623268,35.6594675,2,https://mymaps.usercontent.google.com/hostedimage/m/*/3AE5a_Gz_Hkp6_rxz8bjWvkOCwYqzbMr0_YX3W3X5nst8_MZrlJRKRF7YOyYw1VSLwOz-vas3oaEswnb2pVV2iurloMYczPxNa3wFI5fKKJmOSS86P-Z2szbFqBxJ_kbKbW3Zo87EsMZ1NTI7M6-eL9wj2BbwG4ZPYovnU9psZG0Vdr_-lgh2WRRRI0pYj5koNFEeLP6kx2cxsrUIsTp5bW6vpTo6n7qGKJRwdI7RjvCQmgWW6lCljbA6hX1UvSM?authuser=0&fife=s16383,https://mymaps.usercontent.google.com/hostedimage/m/*/3AE5a_GzKAfJ_zjeqLnT6p_iLzsT1faUX-4RpKDSWQueSP7svPhGpWm_uHjQxXNg4SpgGMZ2d0MkCU2c9AgHyvbGppn94y1gbBC72XrMqrGfqqhyzwjGmMHSR-IDYVoUM_BqWaPsuLNOluwrHpCdBMmI8xWhsVagMk6MQ1_k_uS0prsBiwNdmmyyuIc5yWrM65MV69fIghXGOrW7CzF9gONa3LIPWrevV1PLZwFDSYuEpmCozFg9zRRCgjkgQ4os?authuser=0&fife=s16383,,
旭ヶ丘5_20250809,139.3646127,35.6592438,2,https://mymaps.usercontent.google.com/hostedimage/m/*/3AE5a_GwKvt9Fn0YGRHRQTXnBY21mzrzPEOGzhWIxwLl7qT2mLouEQYTMKFApP2cXebNwpb_09UdTvN2ueL8s68pbz5QmEiKi4CHB6akOPMWGUGCwlH-XRaxGj-4Gnth9d7FoJohUyHLwPsrlmdiP6Wp5rgU8X4k4_oVtnYch2NhjLlRBQoEl9ke9zSvc2dlJ79VPE_WMci16KKkrP4-myM2Qj8idvvsDpF5FvkaDRQhDZWIxNsBHI65Rp-3kr5k?authuser=0&fife=s16383,https://mymaps.usercontent.google.com/hostedimage/m/*/3AE5a_Gzq34aw3NlT70V4-swDYelgbexwtnS9r0jkhc51qYebbxw6gjA3aV2iYRZjU4x7Kkp4KRHsDktWqIh3rMXajZ38PJp-TXjP5jPypwRgykBjTzz8wxvWgpwIt9BS-bcPH4C6Vi9cT8RHqheMYC1Ea1MuEquiQnn0-O1USf9Gqsz70oaLnCS5uINNwluk3eqGQAi6E8eluuj3xk7jCPpvLsHaVprXGGeeMOEHgwcy5RmcIUdWnFGSvWg8_Mo?authuser=0&fife=s16383,,
旭ヶ丘6_20250809,139.3686816,35.6595947,2,https://mymaps.usercontent.google.com/hostedimage/m/*/3AE5a_GwPFxE4O89LyfGyPnPALn7ft8ss3rjTQypB7ukCiZjgE03xGzxlOU3X593mpfvjdFPYKhDsRJ2h2cXBBuqhvCDvD-dkO0sMroIF4x6fJB8xWMaN3zyAugxeB7wtuOL944nr6dWqyymX1gVN8FlJ67HjZX_clstDFGLuU5QtiswjzUZo1gu0IIgozxdngAtyVLd2Lz2_3X8V3JUS3aW-3et7if2JU8E0BqKjKrf0PyukwlaNFZfkHDbyR3s?authuser=0&fife=s16383,https://mymaps.usercontent.google.com/hostedimage/m/*/3AE5a_GzW0t-Qvk2-OeAR1BkaZfZG_n3o1dhUTIEnZiMTxoSjIlQFw-ZJGT3HgwqIHRsSS3OyV382RvI3e7XSEu0jjciRHCfo9Bcv8LaRJs-Eu3Xh3e0o1WgkmTj7t5_CxqXUy6Tn7YtLDe6hJzZT730bjypZM6utU5qsptMulA4YTbjhXtQ1Lv-Txq6oRkXNS39SegsB7GHjqFyRUN9NO-fFFkVNSZnJqTJZjrSN4HU2R831PD5BAkexoz5wGPM?authuser=0&fife=s16383,,
旭ヶ丘7_20250809,139.371624,35.6578295,2,https://mymaps.usercontent.google.com/hostedimage/m/*/3AE5a_GzFOZd-1WOlPmQV_UPuqkgCEy-UxwTWVLeucLo7fALpCaaAGuLA5i-tlr0wde7ns-IkDU1vkUyKSPPxOFOEbk2Fv2GxEEj-nXiWMJSMFTORs6UE8gkh378zTqnOc_Twk1k0_ccmC4MyQ16mIbV35GASo0pQcw8XqKQS7LQtFYuHtBy0G3do52It8p0hWjdXIwGEkV6MdjIti2c1UN3xo_UKUHTlqyXJTEo2lW_7XhRYxl4ggsvYLz6dd3g?authuser=0&fife=s16383,https://mymaps.usercontent.google.com/hostedimage/m/*/3AE5a_Gx6xOeCT2M3A34WbTxlmQtDzF45YTB51WxErI1Hszb1zt8001pIAJ9hhLqDz2MyzWDnjoWCY8uIOWpvdmAZdhFUVMKWDKJokWYnoZ_pAFIVX-hES2Fu6m8gbbubQvau2XD4b7pI-PFKMMt_wUbggDAnRQtc9OSej3CWGQt7D8uioliLKbdqC1YAuka6IPx00lqLB7QzBq2PQbrmWJe4qe6bVZaYe5RXdE-6KWnP-ChQe1g45dqxr5tLMhM?authuser=0&fife=s16383,,
豊田駅前3_20250809,139.3797832,35.6600175,2,https://mymaps.usercontent.google.com/hostedimage/m/*/3AE5a_Gy4Wn0MVPcIJClkERixmrbp4cWx1ysd-rb9HzSVCW2lzbRSjp0Q4eq9LoCO-YCtJ2JTQzOUx6AmJ2rkPBYM7Jl99_YnopChF5D9070Ew7WK9-rFprjaWf-dcMa0KEuryP9U5xJbUVGzVhjgO3Ks47yDOL78W8GOp128_ezhQ3UsGMlqtP_OJyDFsOJuElg-NvI4knsFEUleLpsDEj7b5chnxDmpbDE0doU0lJFZ5BvsNNhoYycujDorjYU?authuser=0&fife=s16383,https://mymaps.usercontent.google.com/hostedimage/m/*/3AE5a_GwVHFxpqiKTgwBHyK6qNdxrADL2cmudD10ejUBx4jae5k0R341dcsIokXfD2NGACasNYhsZUH5QO47ajLhCMZKSkGFBB-eHBR_-DNOLm1LvfXNG1zbS61tfIabQo5k8FevmSt8JO2d3ud4cauuZMN-prfFf3t51bhSxMseHYC0yXbniuBZnaCTpMeOSv5A-6EEQMQuLviHoFwdIIrz-uKcvLRxE1AFa7UOStaD9D-YsjP54gY2_gy9pw2U?authuser=0&fife=s16383,,
豊田駅前4_20250809,139.3795043,35.6615461,2,https://mymaps.usercontent.google.com/hostedimage/m/*/3AE5a_GwpKqWCdjlf5gSl2yw_PBxMRX5wWRo4i1VseNsXpN1jf0MEMTIYre8mKBqdul1SEF1ET9w1IHDRIthSb3UNCPYFNFPbsGxLghmORx9R13Z6euy7WCxEPixi30VW5rJ8Nf0QYdwwx4h_QUM3G30-xKU7xV8bp2hEiHk003IXEY0Ox1GHLQwwUu-BH4e7sj4ZhI4PWxcFSJ7ScEsJJosiIk0VkuJkPYiZ3vfyTDe8x6H5a-NO6DuwKyJmteY?authuser=0&fife=s16383,https://mymaps.usercontent.google.com/hostedimage/m/*/3AE5a_GxQ1VgNFvMH0B2yOErAuv9dCtG0hEECBkXpmbLsg4U8htokY_B7zndibR4VPbuknIkGiQWoKjhlEvU9Hk4PfUstzbrtMEG2VtswiW77bQ49RPbjeENtSIeG60hzwhnFpN1FlK6Hq09wkFM7ioDzBvwzSHiz5cE1BZeLmQGbffNQhKln2InwDq4F8qIT3rR7sEAHg2qmmgU12GwRBfXuAJKKORPxLv6NstEmAP9zyPHFzqKknebIiz1kDfc?authuser=0&fife=s16383,,
日野甲州街道沿い5_20250813,139.3853405,35.6750556,2,https://mymaps.usercontent.google.com/hostedimage/m/*/3AE5a_Gy9MLcY14PZFoFDOldToIKAQYF4XSgyDvMw6G4TkNHERenwjbz974aZa_jn527Y2BTEClcCD90kgJsnT53Hc4uj5KvNj24K36gLGDG5wdFLSa31sfTVX3n7ssqdXQVvgrCaDM-uDecsP2zWI2tFHEf5vXg4sEz3qL6TvpLm7LZm_gN2GD7UFbjAKH8Hj9DPiUlZx3CSyOg2KqYjWmdJMaZs39s_gX2IVOW3lReFR1eE2SEDCtKggu70odA?authuser=0&fife=s16383,https://mymaps.usercontent.google.com/hostedimage/m/*/3AE5a_GxxXyuIa4cMV3CMgSZZn666C9PEyhr8eYVct2yHhvRHPhUcgJfZ9kYqJAE2Po0ieoN68ircfP0xW3klnwaSN9uUb4QwBpDfsOjXhMbx0UYt8LIQ1qtm6kq-G5rwi2XkCjv0rjYUt15dxki6kvXzZRN4PAOWJBsBTbV4r56hcO2TRwR_8kEtbmL3ESgojJj27D0eW2MDsjNCMAyRA9ZWsS5XweLmPnRkDSw1kVtO5rfoTK5YyON80ZMrcLQ?authuser=0&fife=s16383,,
多摩平2_20250813,139.3864869,35.6680313,2,https://mymaps.usercontent.google.com/hostedimage/m/*/3AE5a_GwedoCD-KJq1BN_Fem6bipOpFq1L8euyaZ1nDwuEyArnCEs6MQrYuXfDO1zi3lb7zl_2QtV8OZ7hiQfqwvqKXfidYoQlOOe7mlgZdlxayrDxZsCG0NJpXfcBBUk-7VpZkpqTXKqSNK37LWYUT4moOuZS6_5bRejdTCFWIGsEAyoL0UpHc1tK2YuBgYNtD5IkdVcfaBsOhrM58R7bs5KzoNvKtCjgvRTmfA_oEkFz6YlITvIgqRmFYtckvE?authuser=0&fife=s16383,https://mymaps.usercontent.google.com/hostedimage/m/*/3AE5a_GwjlASV0h8Knal3yPhK0Z7C-NWuh4qWWsCPKv02bTShH_JokUerEMJqN8N05rfplOixWyE0vevmqeLaLmESdG0P7s83c0ces5rmZCfClSZq2ihVP7gG1CvCpH7d7EAKf7Jo871r6Ezy1g-ATWF6bNj0PsVDYXtIT1fydx1_9KQ__vfOtKTDEiGex7D7LQ3wqVZcEX39bEyBb6hK8OPSCAdR_abvO98UzAy6JbNLYUVpNo9svMLCGMIYrfA?authuser=0&fife=s16383,,
多摩平3_20250813,139.3872593,35.667942,3,https://mymaps.usercontent.google.com/hostedimage/m/*/3AE5a_GzsWSFyIB4OA7WKbiBx3bQHqOD-rfVg3OYaMirmH8u3D3LaunsAvB-uCyqrr3W96cmSKGR7ExzwIXeTu6CgJtmAk5nlJznuJFto7hazviQ3ccndPAUR5fgpfQ3eBCQ5cWcWv-O2b5Klbh9NwqBit67ANGlpsJH4YqoA80r-DLOPbqBtYBiApdaW8SAr1XNAnVryMeS3KgsQwN_-SFY4KyeB5mPLSZeFlrF0LDiSjomjoiR5aiEiRV2k-WQ?authuser=0&fife=s16383,https://mymaps.usercontent.google.com/hostedimage/m/*/3AE5a_Gxju8gxxsyEzU0L6Mm4uhHX2i6xLootdyFicQLtlUXnYDDOTEtcmDRQok6sBWwamvCKkuJuQLELLgU8xPSbVh0golhwf6kmjoRlvCnZ1nGA1ArcfcYP-5VORbjo_mwx0XwbaI9s5oNeac_8cuDcGWPcbKhjNsvnUc5YeMYIYpyZaL3QmWdjHRO8HrZnoabdkOf1wYLRID18rnXRnBPqt9vWC-J7aOMleDmH-ZD_hHTWuT86e610vr1r4jo?authuser=0&fife=s16383,https://mymaps.usercontent.google.com/hostedimage/m/*/3AE5a_GzKo3-cc2dorwM46uvjAtNjoPLqMhpqzCuOwVvb48PnNWFan3Bj9Egf6myRCmESLp1_AnrzjYN0onl9pSMBGcVqeLifFkv5HlT_byFM0Xqn5jONRFiwYYEIDMhU04YZUPkd6AnxHG_jAwpebeh93f3Ku0BU3G2kD7A8NJvHbMq_r0v7UgDR08ygIE9JvSYHsWiwyhnxgIX81Ar7XRyjIBC-_M-OobTjVr4vpzfU9URDaziqEt3YjaKKpzA?authuser=0&fife=s16383,
多摩平4_20250813,139.389788,35.669495,2,https://mymaps.usercontent.google.com/hostedimage/m/*/3AE5a_Gyp8HWFiNWIoPMr5Sa4a-1xStJG1SE-rBjNZqZ0-v4EP7ocOecDcn5ip8kLDBqVFSs9VW8dGIVrM_wETQ4PZqKAC0DJJCGljIehSGPlAgh-4pxfqv71XGTwXirsvg_QSAr1fOaoJQYl5wR8auGJoNr_KZ3sblnbekhloSaABQD0MXOvq-TNgyc9hGm6XSejUG8lPJG9nzYQ0fHEgoeT3igbtbi3pqFHTdZwo_aMc_FTM3Ra0Cxc6rCZQII?authuser=0&fife=s16383,https://mymaps.usercontent.google.com/hostedimage/m/*/3AE5a_GzpcFnFr-IHoJYv1xSWDTrlQm_QDnp7uHfFBzJ8YqHvB-cBq8f5CRs0Hm7OaJeExFueAZiX2ONrstOMnywnCf2FJbSiiIUU03q1XErn1zU5K0w6lYLXK_rdeYfcGysHe0G0Ipfy4SK07PsKlp1OBqj4PSVBIzgaBpjlesLDAEwdlLOyjFYZJBDcAOpNM_XWbda61xCxFW2IggzdocyD3oOPSjri03g8EK3sM-XQjT9lB7H3vi0N9RRDDXE?authuser=0&fife=s16383,,
多摩平5_20250813,139.3872525,35.6683681,2,https://mymaps.usercontent.google.com/hostedimage/m/*/3AE5a_GzxCp5_Z9TnUhhOlVK0zv7Es3ymO712zrTS7YPTsyvGdQ_mmoT7Sd9l-G0K7Tut0m5CETPIMqE31q275AZ9sDtbm38p1B5n4smZZ-HE6NLaJYNNvqZ4oiVgan9wVSwt0bvO645VWYX9_MuZBlHUqw90RawuJ6qF5HAjVruZpFRnze-jgDVS-eF-S5SEst1o69fTT4A6tL71wf09xuuvxbdhF6N1cEf6czSw1t_bFClFjX1SYheE7BpRIz0?authuser=0&fife=s16383,https://mymaps.usercontent.google.com/hostedimage/m/*/3AE5a_GzMIo-Kejjk-n4CcxQjlPgTOKzx76d10uN96NSww-YnVdh1C6yu3Jfr016ngrpQkKVrrSk73GT0-0MpvAXkMSUJM4nrsEbxKG_dapq_-cjE9jqDVAOn3uaYoya4PxtPjqsj7dR81i6wmHmCRLD3VRAsrnzBEaavu2BkL8PqKVVWJUqvun4XWAF4G8cP9zwyBdTMZkQ5oTrDilzIZLVNPQcihXjTDmfC7JQlu4JIfTn-sS5U-lxC-AYngJg?authuser=0&fife=s16383,,
東豊田_20250814,139.3880188,35.6650808,4,https://mymaps.usercontent.google.com/hostedimage/m/*/3AE5a_GyMO0KibkHpTwhkBMdCBkg7CTb51ea4JMASUmeL4GNODfRxkCcWBljpoaCAoYH7YOSceMC48qxXtTLzxDWb836NrBydn3trmJthzdIdNv1R0W4MUyjkO_nIbdb-rNbr5GIBFmW1OVuB5LXRG4_ARpGGN1BQu8-fz5sbxWkVCrJaiGXMoB6iJ-3ANWJdJEDI7bTCaBaw91YdUXrh0lyC4QpPtL4CtINSpmnR9KRTGBhDWB-lkTdph3ZU78U?authuser=0&fife=s16383,https://mymaps.usercontent.google.com/hostedimage/m/*/3AE5a_GxV8rQ_p2alYcGrklKaBigIndqJuTPE9kx9HevMgYT_cVcqCHmUVsgh2fuaDf3LDdSBTGj-qUFSamclNwnJUVK6CrgKbYvOGe3k_EAXpNb9GefxHi67-LNDFnA_5yf5mFEwunZr1bi95epaU1HNk8UZG-LhYNrvDv5C30yh0iIx5d7gfsdmpfUQAMHKhTtCTUpz14GkEoC-zTC8Xm2mWefL89g0XoMQKctKVfqZSoCXgFXkS7mOse17DNk?authuser=0&fife=s16383,https://mymaps.usercontent.google.com/hostedimage/m/*/3AE5a_GzMB9pKUU4U3Z51wjzcEXbt-DWzjxxVeFzrTsqJlnaUKyU3aasFQJOcgGOahCm3NWDwXoR2WvWjCs9nEhGsgaSLmciAu_4Y3TRrQbPJ9bMhhZWctg2eu302fAy_suL62uVNNkKyC5GeNGzMV1-Ig9IG4VXab9WjkENkYKCoeJwaVXh4T6QjOBJafFGEwsnkzSDekdwHWTLLPIl-sZxMEmEzFt3RO9kBMelMANRAkAaWZoJRLQo1wDEGokU?authuser=0&fife=s16383,https://mymaps.usercontent.google.com/hostedimage/m/*/3AE5a_Gw_tKuVsRkLJadytH7wt6LCpVZEWsY4kBJc4vwOqRK4qB0QiKrshGcVYzYpYGDNBJKOqetDwZj-VLKn9brVlSSB-LSSov_fqYulfE8KYBDGafALwCvagg6yDCrIO_itX1D5prGmE-ksehkWDp32WC_faALaIL0tCGtlihFTDntDCu26gSvCg7SwL4v0zwTyqwe14CgH1cHCCStF09usDAHZkPFeSoOtEJXM9Wz5U_azOLJNxg50AAdTyq0?authuser=0&fife=s16383
東豊田2_20250814,139.38565,35.6634323,3,https://mymaps.usercontent.google.com/hostedimage/m/*/3AE5a_GwJht44EcwsF800oOcE-UmSMFr__ubNgZiCCfNp8NfzDoxAnc-LaNKYa1vUSaKYWrxPRZLFUsCwwDYEASVrtwn6QJKvGwocOrWY8JIr-iTm-RujWmgK8mftokJ7f92VS9HMXZR18jZyVUB-Sq8CHaGEMACJso4txfQMCN4dMGVdbyC1x87E6Re0ZYYgT23Ddq09nJbT_btv2hEUkM4iMdkKTybLx-98FpxgMrjZ-ixf2rjBI5BTPk_qtcw?authuser=0&fife=s16383,https://mymaps.usercontent.google.com/hostedimage/m/*/3AE5a_GyRct1GmYkIfDrEDUDb_E98QonGo4vcM7O34sjhg9x7RGnX0uAzyOZCPO3SziS7HLtrldk2YGu2fHs5So4_HRlVv3ZRjde7UeAuOPzj0pRuHZbRFiJKNNpvyR19Lnf-deYpcNmQodBls5-fL2A7rniYcrRyqrmrmkCbWmjXBubaPnQLtjrB16MNYkpO4gmS0MO8-Bi15vu9n-OIaQNFt07pJQFWfjDNgFR1uV6-4yT6Ti2Egq30XsZQK20?authuser=0&fife=s16383,https://mymaps.usercontent.google.com/hostedimage/m/*/3AE5a_GzG1Z5GXIaOdkHpXpRpj-0Q8ViRZFEVDW3DjU4NoF0qe3Oobpdp0P8abkzps8QkXyUDRl9VpoFIAvSepafzTGsZ-gJEBvKDVBrhosWNeZYdmnGhYO0rstrsuQjKAXYOo56TG1gfOY7DiBFPdUUnlK1sfOHqrN3KFLmjrCJEoq8esRiit8pEHYKfWF_d0mJgFL9YqsjXSKD7yoMha4b5cDsLlHx9DihHH7l-_d_f3EPtwu7L6Pu0WpFBu-E?authuser=0&fife=s16383,
東豊田3_20250814,139.3845553,35.6614127,2,https://mymaps.usercontent.google.com/hostedimage/m/*/3AE5a_GzF7TPsjTv9OAo-kTfzMHDmvEWmoGUirXmyAVVHs6bsLnrsmMre7EXBtENnC-XQzEWheFHMy1zkBysVX0nR7_nICmEWJG2XR6stC6uOFomNQNUMfB0NqpOxojk9apmvdBxZussrHraof4haYCowJNkXt5d6L6tEPJ7BH7CUcsW0jeUqjzzEqBN10NVs8IJiWg8H3WWklhYqU9lXFr7jPi71NQtf4bHyopY2Reyr4W0bDTXkJ0kjyzuOT_o?authuser=0&fife=s16383,https://mymaps.usercontent.google.com/hostedimage/m/*/3AE5a_GykY82ERiscIAVNwKbaD4UU1DWZTPf0Tmf5LqUTs1NTPdiLtPPBM068zInpyLwcpfT4plOgFsfkfZU8Z5XpHAQa0KdWP0fMpKYg8oL4UYe1UjNlpcyZCjyaYQg53rWC45dogp6fS8sF_CxtYMYG4OBQ6h-iKfCpK65CTNpHq3sZxU4lbTntDHjsqYJUHUYPRayRLZBnUnji53B3wjy7uVAoEERZyVIQIZFtSR3vAh89sz-F6eC6kz5LUbY?authuser=0&fife=s16383,,
豊田駅前5_20250814,139.3829245,35.6600986,2,https://mymaps.usercontent.google.com/hostedimage/m/*/3AE5a_GwVtSceExWN5KylLI4J4ZpnC9SRYllGMIuhff38OfEK9fFY8J2vPMtRflBvh9AjEHNRqpQes8t8ZZhx9QBYGLH0XS4w40_z3RDEsDyXAxsR2f1ZDVd2_EUrzyS6qZazSJmAd5A-WbiXYxs0CEsIN8Mn18QC-dAqoEsmKuJKIYtDMEk-_NxaFjKaoqaDkyx8eOTbuoAy8Y_bsLScSyWZpiOSVq-w0haNnX_g4IubqDiFFIitCuOBryqCOJc?authuser=0&fife=s16383,https://mymaps.usercontent.google.com/hostedimage/m/*/3AE5a_GwKHJ0uzfM0TOnMtPkLKZQWcH7I8QgQj6jO0Nej7496mjauYPZ-JXG9scowxQ58WrZCL9cagQAVzlBl-XHn92_tSgakH4dJiaY9rWgQRboplm7QcjgRD2-jUzdx0rrCe_6nDxEDevtP0W1XKsCcsPeTJAa31mzBcuh7ehsFz2fNrgVcDP7ob1hqZy9mABcZFB3_vcl6_CfiZL7PxVKF6xs8lLrZ_qGtEE2Aebr1Mjjjk_4kVU-SkbN6NDA?authuser=0&fife=s16383,,
日野20号沿い7_20250828,139.3769603,35.6683571,2,https://mymaps.usercontent.google.com/hostedimage/m/*/3AE5a_GyeNtPc7RSXMtTC0qkRg972-HH91iOiOFgSOq3Wbmw6USmP9Wnxy69SXU353NiN13ybitl-Uazi4Cqg89dkVQLkvg6K_uJPO0S20Gw0MB4CvFmjsd7pbQErMHhA1XCBLgrZ9spdhVha0OAkWpBiO9JgiSKMlRn0FgXwQJQEbpkuExcoqC65eZpEL56OpFVIxwJv-iFAsIXhNdFofkkM1gsIBNI-9TBxpy9Zd9JG1ekvq5SEbjvbkusc3Fk?authuser=0&fife=s16383,https://mymaps.usercontent.google.com/hostedimage/m/*/3AE5a_Gw-UmZ05q-TswRvA3i9yVvTCdbGgO3VT1LABAldRkQwXDiNCk5ORZzaHs7MLvSmyJVqXK2OnJ9nJiA0TUt3R4KRLVfBPzW5_PVb1Al4OP7XX0C7ykEBKD5uOtP-2HR8O72mZVNlLNYnGBdcHMBckim1yCDabiYVI16lSExCt6IGI2z2ertZH2N7h53CxXEjyEEl6RskujwJkq7UYR2C_zKL68C18NxvNF-MpJkT-vJX0J2_aBmlta-H4_Y?authuser=0&fife=s16383,,
日野神明_20250913,139.3921145,35.6739319,2,https://mymaps.usercontent.google.com/hostedimage/m/*/3AE5a_Gza86tZf1U30uPF6NVpgtx2srC8mL3eitLKuXqv6_-SMiqhVhW-X5zPnRkw1nJ6thtTGfGeJgqW2aO9FC3ZAAdV8WpH17k7gldkLLOK7cZ7JsO5j3bsDnNrNMeT4JLjhzhJrfJRqK-lompzEbwSzDLuloGotT-D3T4SvzsQcOA-md1mbsty-CFRDWylN6laAfn-_u0FqmD2h5iTcly4pJtMPhnFkW-l9fE_XeD29LhkpTg5kAZzm2JuHEk?authuser=0&fife=s16383,https://mymaps.usercontent.google.com/hostedimage/m/*/3AE5a_GzAmkgjoeE9MetbzPbaBnkH50deoOzlUu9qWOHubfamiCiJzOfLw29qf4L27S0qpt4wBLMbxorBh6h-hTt8kTjgT9pwufsrM2rjwbGT6dwwRKlGAEIstixmLSOBCUWLGDiC3870scIxCYyJ2xfDewNPTfKGMPlg8m4EkmLT2Up4uEHVf0WmDNfW-9RD3MfffVmh3mpOClFes8Ih9iZPtqKZRwUvrVWk8McjSYPtuWVUuGBJy7ppNO3ndL8?authuser=0&fife=s16383,,
日野神明2_20250913,139.3924418,35.6752087,2,https://mymaps.usercontent.google.com/hostedimage/m/*/3AE5a_Gy27OmmhBn7Gh3TkA7OHcG4aQfL0InrItWLxn6_ZaMW81-sr3Pm9LgxHVh3WhV7uNYimiH8WjsOegEumeG3py95Iw4Nc7XBKCiIAceLbXQR40SV3-wCteTEs2w2oEYUQn1z0QnQjCgBtgtU8ydY8sHAq7eA8ABcF7k6AyKR7EUSHPGztHtuD58UUF8ggYNud01v0B_vfQbvj8Ky_jUlq0QxgGPTVEpq7JdgCbBCj0hUAA_sGPvWh1K_X-I?authuser=0&fife=s16383,https://mymaps.usercontent.google.com/hostedimage/m/*/3AE5a_GyLyzMi_iPqNnUoUeOpwPQB-vGhHUANf_X1vdB8pEEAoPaOwe4xoX8MOCCiKzyCIys3jgcOtz68vIp71RdftmFNlWAC8geo0V9-tHw5Hd6G7KPF-i9IUBPu1vJ2Fko7IZ56vW2SUeQNgAND3NCMUQ_-lrn0pJTlws5sKmM_YwRJw8NOwlQ8u-EhrVkVDcYxzsTmSv8hmPHO58DR9ramaI8qvZxKCxyFfSIy_1GsqRKEUUPxLAiD5mvgNd0?authuser=0&fife=s16383,,
日野駅_20250913,139.392868,35.6797219,2,https://mymaps.usercontent.google.com/hostedimage/m/*/3AE5a_GzUwoaviAfHxeghrBJSW6tndG_cfH0jQu98i3QHdVyq7bwynATvdkIv2yWP2yvgVjj1eaGt34y8_EO6V0GbJHxdyJLVn-46jqtKkeShFJE7xqhDX5VS5gYVUh2ZOyPCVvHkycfg39b_8IJ63Y4FgvQdxPBK1b3ydF2fvD5aH_ULzmhY3SCCl7vo_HbAR1FYH4VRyx4AnrZdzHDhPEv0kVCZ9tjz1F3C8yZZLim8-hPa0WmFczzngrtjO3I?authuser=0&fife=s16383,https://mymaps.usercontent.google.com/hostedimage/m/*/3AE5a_GxPyAiZBQk0qRfZm0I8dg3h-qA_rYl44ajVz2q1Om3kR4kKDvS4DhyPTJk2LGk2ak2AbogTjFQn0LVtADmwd_uW1_1RnOHRy9yCwEsoA0ayryXyzLLfYDooofNOqQgw2aDB9Kw6obM1P-t0DRUqid1XYmeefzf7QBl_qnGBBunlpTRX6rKdk1S42J1DJnsC3WMjft8JrHRf_7-UQSUWgVjfA--iG9yOT1wi_yJ4dsieLdCKmrP9mCj2Hck?authuser=0&fife=s16383,,
日野駅2_20250913,139.3925849,35.6790945,2,https://mymaps.usercontent.google.com/hostedimage/m/*/3AE5a_Gx5LNUWo1jNjCuaznFWYGUa4bAmHT_bzIPGmwIhQ-imayJSYEB4G5fWIe1CKhkzT3plOxThSTIM2hjPRYp4TVGNIPziIUF7JjE1lbIb-so4Vf07UeZrQgmXw4BBbNbq_E49lKalwK5M8-GEnZYHT6h6ynt4fpaYWi7WhMmu_VzZaih1Yz2q-o7_tLbDVTPdhQLfbUJAuoSozETcF08EIGcowR_fsnu1vAJWemsAV0sMGVgcQ20c5qBDIPE?authuser=0&fife=s16383,https://mymaps.usercontent.google.com/hostedimage/m/*/3AE5a_GwH5IdDnHNAAgsxDxc1ChKfKMhvmap2MAcSLx_jZvuEhiP54EXWTc9f2ErWwzQU4qH0LzxFRxRqq4jqSHK17uCUznlQG_1Fq1Kq0d7APDJag2mziMr5IdQQOADhHHvihsHki1C_d1qK4QryUWnoLf6Z0vVRnmeaE3pDnY0fvHxg90FdFVbYCWp10gIvZJAAIgHjNqG2sGQtsMjzUFY3nUqmIK-DIkOE38WKDkLSZb9ztMnMK-B54KRyMEw?authuser=0&fife=s16383,,
日野駅3_20250913,139.394323,35.6788837,2,https://mymaps.usercontent.google.com/hostedimage/m/*/3AE5a_GyjDY-WBlcRAIs5hgU6hEx3vR690zuWslIONSvu_KkAskNqhU0YaKpGBHAdN6SLGV_EYgEdZbeZoNhVocMa06Jrfi_WZTtGfeGWhi4H0X3OcLcTs0w8zPBE_q2YIWgvKGn0K4pTM6PZFHjQFcYR0ngCEZx-uJKtsFcEdjTZc24OzfwDycsTqJEShkAoZkQPzOJZbJgPiK_dysZOvfb6CrbkN-QQjSGALEdt1y_B3MDYQ_H_-10GX-F-5hY?authuser=0&fife=s16383,https://mymaps.usercontent.google.com/hostedimage/m/*/3AE5a_GzGNYi1i6yZWEk1SKhbkyHmj_IhK7QwNXv3mXudoVVByOCaBxbg-59RiwIdUE-M6nBMkvJQtWFGHNbePFKHBgiEzqHsKk5yPjv-Ct2MEVIsbJ0kIpK8AUuakA_fUMz1Gbl8rJ_E18WDaVpaSbXKoaQe4ecUuld5Axfq89m5GPPuySUCK3zPYOl50u3cz09zrUoX4cg0mHg53a9ilS-TTWNOZge6MlYvQcmQvm3guoK9QmdWUyGrpDBHXBc?authuser=0&fife=s16383,,
日野駅4_20250913,139.3917883,35.6789982,2,https://mymaps.usercontent.google.com/hostedimage/m/*/3AE5a_GzKAb2kuTm9OkRzt3VoP5F2oU-gWd5O5Jcree-TenjfroBwIrPKni7ggnNxid5ebMvuff0nhqQCK6YVqbsqP5kB05ety2Huw6tXQrtF06ITrr7Qo161L-TQBMP3BVPnSR_IWWaDIXmyXV7owXDpPz9CaqMf3S28cHy8x3koSQIyvWTiv-qFNA5RHUC_6wnkcTyyE4evVRX1uOQB4kzGKOOdXvP2uzmk_xf_4upTKPk7jSEXY6WNKdJSNVA?authuser=0&fife=s16383,https://mymaps.usercontent.google.com/hostedimage/m/*/3AE5a_GxeKP4dOFZK3kJEq4ntCqsKzqViTIgsSg46OsLIUAe1RUu8wnobPvfIZRySBCa4aioPbFssSyuHAXvmmnAxBa1uobfVdk9-x6ilprcOkc-xaEYYCTijTzjUDr91yCQnI_01-NhOufa0OEo1DiM3ZM52VPAN8-WqAcn13VzlVStAkwoXOEbxNfOANlEEfBv6896JV0EqehmZWM345SM2JZas4B5ZCVYCt-tl0kEYh2rohnCu8QgJDRwiPXo?authuser=0&fife=s16383,,
大坂上_20250913,139.3881485,35.6776702,2,https://mymaps.usercontent.google.com/hostedimage/m/*/3AE5a_GxkcTXKQZf4V_6sysD1p5qtMrKADLG_DWDAFkuNFnTrAyiFbXniS4jH_P0JD3iKvMUiyFZ0-DsIjleZrGJ-oreivDMjU41RM11n1Urjydt4Vik6FQR4-g0lruUPtWz4zx7NyODKkEjjmuFmrgLM_gAVRELgtddOe8s2YLwIlzkrtBdRMyaFJFFZO2bPHmmrKT0x2lFDEhPh8qdLlDafyFc7LBrtZUP7-20WEqBFD2jU3qbTZFeWem2xvJY?authuser=0&fife=s16383,https://mymaps.usercontent.google.com/hostedimage/m/*/3AE5a_GwwG4MYGkNzmUGGaxt7O6fo3SBVl0l3_394zxZqcTGhAEFJomn0tgcDJUviiQnrrtzMRU5tJPOGmE0Cxf-3qxed6wPXuhDhYJrjvev_UC_uvPca0rkAJJk8aOyzvOzABKoH7796aeSa7J-QXaAivX1rkNsmMcqZqXgT4rpc2N9SUKoglFn87Sh0dObc0Dv25ahOI2EB2tzu68iKI--5ophYxv3shwS0Eb2RjSyJNhqsXK7C4qUk0ljj9Gc?authuser=0&fife=s16383,,
大坂上2_20250913,139.3890873,35.6742429,2,https://mymaps.usercontent.google.com/hostedimage/m/*/3AE5a_Gydv-4LlraaLwtZm2WyOtKtZUW8xiMgv2TusSYULfqcIUDMuyu7Apyxk3WLWcRRmEqYGvzO_V7LlFlnXdkqdU8nYuaFE-2-L-S1CvBadTPyTQHhlqEkXLz4nIwn74FiAZfaJ7mPD76fA7_PUGRKdomNKIcQCMHhAzCQiR2OfqIIs13lSHCJEkwIQjH2_DPT41g_Rz20qtOS4GXCGgoSvX8E3HOxuourODO3HOIPmP9x55L6534cHKjSVbA?authuser=0&fife=s16383,https://mymaps.usercontent.google.com/hostedimage/m/*/3AE5a_GzhcEsQZJJizQtGDe9RcPVJlVmoIrM25JDZWwgj-DGuLOo_XsThgWzTivtYx6QMRuxYy_mgtA2g4pqmjkCnOBFn7O1I01Y9lq_e_IQCK1yDYnDaoGcQFjMuvv7CPKXLK5wLf33ZBy--Zj6HnxEUuotUrhbkSqWoqUlriJNciLboly3iSHv_7QDSGsRHF0JQ2E1h8Dina_6c6xrF9W-94EvLFIOtrBkMdu_OAOLXEwvqdIwysaTU2AXw_UA?authuser=0&fife=s16383,,
大坂上3_20250913,139.388052,35.6713493,2,https://mymaps.usercontent.google.com/hostedimage/m/*/3AE5a_GyeGZEDpiZthchd74OYZXUEQKdTtA1_0-kupqEq8q0rEg-iyE8RRSdGoe9rMJxJyg0jdJXG39IW2eVGTIfxY4C7GMGIFf0ubY49jNUdYBEXGSR6rxaVPacr7NxZHzkHkD47hxB8wF9PVbuoIZyhfhoTWKC7ymHJJnHcnzCGS-rOVjpqqHcQd3vcLsbVkZ2kbli1Z4ttSgATjmdmqjaEEatTkMT5PJeiQcDYrdBPLpc-ILA_sXcGGh_8Z-Y?authuser=0&fife=s16383,https://mymaps.usercontent.google.com/hostedimage/m/*/3AE5a_GwDZzvNHvytWxbuO8j_TCyaadEQnz2DQtMReVx-h7dvKiDjT7xsxpKuFOS55x_x4paXN4ktLYrZEIDtK1yL7yBxU0-8D4pWUTBxJcksu_7eQostjmdk-pRPjyFVeItGRH_OQOcuZye_YizxVxLvWC9oVCeM_cOd5ukugmYUP5oiBS_v8IEkMPKaRbUlJOhnFaJrEPq3r0WbpN5BSJr0Fiz0ZIjGR9XwF276sMk5zxLsh2TKG2thzCppjtk?authuser=0&fife=s16383,,
日野20号沿い8_20251004,139.3744001,35.6663229,2,https://mymaps.usercontent.google.com/hostedimage/m/*/3AE5a_GxGwv8_JFvuXqSarIpMmJtp-bmzrum3AXPTMZkywtjHEY2W80ZsxUtfEZHf8fAD96w5vPu2Rf-_-dF0jFqhu-sOvnnygQtqr1vHNvNwwhRbaCsZCJsjFAP8S9Q5jbrD86wLyerCBkRD4br6AopRdfTrc_D_wx1YGuzpS9vrWxOAWhj79zp6vs0ZxGihhv5DKqFwp-41oZjRdJld3B6kxi2vXS_H3hf2gM5qdXrzQnQJ8ARiFCVr3Vi2saY?authuser=0&fife=s16383,https://mymaps.usercontent.google.com/hostedimage/m/*/3AE5a_Gxi39KPqDPAb8ib_SPb6_kMx7_nGvqwQRH55yrGgtvHIfUwzXA8Ds94Bx28T5xDEDiOWSJeRcTjckbYX65CXxPz6xt0upcBB-Ib8sBoCQVCnKBdkG-Iq7s4NzYZnqFGIRifFH7xpJV-7scDu6w7nsH8gXHD_owm9CwGdbSZtJuX22htPPkGcn8fALLO7JSYVSHdf_d-Q7RJw55FJ0xLEsrYxGtdLln0Rn72Vn7IQPNuHSxyLbeRc5B7Ajg?authuser=0&fife=s16383,,
日野20号沿い9_20251004,139.3749527,35.666154,2,https://mymaps.usercontent.google.com/hostedimage/m/*/3AE5a_GzyHLtoipWrT5J8K6IButpFlC56KwT8ZtwmN5jUyzfdQluFtc3lJHyGWumYqfh0dpmmfzl7_tQbXb_VuU9_sSt1rdWMUo9HEIVkjs30M_YjJ2KxtccztnWcwXe3uzNjikQgX9cLX3zFHjOqDMAlfG4Ak_Xr500cmMu0QUzHdOjXcjI7WsrukHljI0Eu9OVM9o-_dotRz6PvTF7VwuLf2Z5WrL3gSl0NhHWtdre60xb3P3YJb1undu-aEmM?authuser=0&fife=s16383,https://mymaps.usercontent.google.com/hostedimage/m/*/3AE5a_GyRB6jwCD-KstD0gSlXbtm2NgvgbocBPiPEa7TNODlsk2XLShz16tXDjEdoXvDcUTfLGjSwnRFlHxL8xUlZNY6RJzbI9SALWMk01QI8R60u6seWiAavYWSULQbmzqss-uoLhSv6xbuf-iXF340PAwTSWvh7_jbXq_ZkPP3hZw5EcPpfJ2F_UluoyaCjKpRsSZvbXIQ_JJMd742tEPe1_-14HKUT29Rb7NK5uLzah2s9KxnU6Dr6UMdGyRY?authuser=0&fife=s16383,,
旭ヶ丘8_20251012,139.3589203,35.6604245,3,https://mymaps.usercontent.google.com/hostedimage/m/*/3AE5a_Gweixzf6dyelansmESyPWkEFpp1_MHeyGciCP6Bu8pQN2PZ0UabONw-WfArV4uHLLIAkKE8wYO17saQCKaVz8ZeJKrkXn6wsIBOH-mv_lxHP-PYr5eJnaPtDXU8D0pUPsW0i0kiIJbKm34HADxkUYEhx-SrZJg3RybcwBnvOdqWOAlnWyKUpNms200TJGUbMbDuwTiE3MRz2dQmKnD2MOW9iJ9KKCRa7STLktZLVz9mYVemR3wz6ua7iJI?authuser=0&fife=s16383,https://mymaps.usercontent.google.com/hostedimage/m/*/3AE5a_GxvJpoUVou6Cm1_6RLvxeutJwVef_QkpQbCjxowemjQgubrkPUhbCxYv4d3WuLWmSWWTWHT42Xoib3YefHGO5HiY7rQnp9J0nKbGfB2b5N0OtXnyYK3NEj1i2YZXVrVZcClJk4voGlf3f2BAHhrc4iXXaMmBRQztlMqxICUL5WUKU_DVQvrPCk-cSC-DC5-TEjeM8FVAZ33_JgdDe1QTuvdlebqCuCuK9AbaqYhkTIRe-buaSQljQIFYy4?authuser=0&fife=s16383,https://mymaps.usercontent.google.com/hostedimage/m/*/3AE5a_GzhprKl3dR8OZym8MZEctH3aOlNBbTRbwZ8JpNMOW8Zbc2s9stoECUjmNxRy2SQnGFQdd9A1D_37XbA6nGvnlyZ4XD7_aRJje6cY3uc8rJfDNZEUtzWHno2i8cZC1x9v4PHkploBbihGhA49FgRaU_KhSARPHQKOVTPrk3EvkQ0aL7qb1-Tpo476HVi_J961dpO-m-DbpJBz5KjmnZ8yEksGtmlyhYylU1jlvvqkrJc7nj2MKUpBl5cKV4?authuser=0&fife=s16383,
東平山_20251012,139.3774241,35.6564237,2,https://mymaps.usercontent.google.com/hostedimage/m/*/3AE5a_GxKpcWK8vUt-gCWx7uyjw49UQTHMpv1eIjZtyai_6UWpe-F1sKFF0n0jGlOgkL2Ui5axxs7_BVhS5U0uNdBwTG7RLkeZY2xo8Dk-vPntgg8uWa8n4KnET2dbufFZZeAH9omNl2nXayCL7rAvoZeKZTNo6xJcXsdCXWuEfZRY3A4JONFMoANXQVV7kUFyPktNuZPiv2fnDHmodOs8CX6hZ6yFusW2aurJRsW-7LWzzuE3l9D5DcxN3FaH3c?authuser=0&fife=s16383,https://mymaps.usercontent.google.com/hostedimage/m/*/3AE5a_GxbAFoiCiI_qrOPxrZRPjjvBTr_hlEeDF6Ngrh-OZhiULd8HCcNY10gQJwE87_l3FeTiIdhIab0V9sg470rPffCL_MoFHQ39aCFQuiS1l_hg3NaECHNpQQQj7WSFq0rv3RkjYKq4jdhre_HPaILQM_-ckpRXu5mJUWzZGIEHX7qAyxFtADyDtTvbqsp2zipeNAmuYSdqXN_Dre56oM2baXZHOo-99b1dyctHzJtz6193UQlKexnLtThPZQ?authuser=0&fife=s16383,,
東平山2_20251012,139.3781965,35.655079,2,https://mymaps.usercontent.google.com/hostedimage/m/*/3AE5a_GzbOnOZDTgUcRQM_sFY0_c_J3VvlUDrEZGkHzllpgQOycWj07K8AM_gVTZjurTl8WuDn3KmQGLJkY-tuCql8d1ql6yUous2d5lz5sTPrVLrEzKXNQKb_ThJrs4fx-P-wbt1y0vgWh1Pby6zARa5aQP9WlCode8V5bGGzwpV5xq2VU_jL5Uwtwoqyl4btgkmQK7CUAQvBZ6SlfeGMdSQPkcpJ-SH7G-oZyV2yelMB7E83Q9nqFQ0pwytVRc?authuser=0&fife=s16383,https://mymaps.usercontent.google.com/hostedimage/m/*/3AE5a_Gxtf5wFFGHrfvEztd3y7OLDsDGaV57kMdUC5xdjZSyw3S9pOJ7YRzhJF0cDeXY4cMcvtcF74mo1xomhSPSldZTc5ao2mUvcNk2bCGpKWI5r2u_dZmRzHvZZQpVZaTe8zftddv5W9p6fFt9HLEgfs5-tCZoVNQohD115rIWFLqTMozaAY_M23E-b0izJezS-uNmJ3SemddxW2LlgtUFSp_VfjmGJ-5mgN_vkCGh7VgmAGhDwGsjBQZwnR8k?authuser=0&fife=s16383,,
豊田_20251012,139.3856217,35.6560153,2,https://mymaps.usercontent.google.com/hostedimage/m/*/3AE5a_GyjyN-NiHE5_Ciq9CpPVAU77GrVst--HgKVHOMSF7ekCw3dJG4KtSQU3j7C0vvLT7yHsPBAF4AUXb23N3fI5wJn7pVoUBFEGKYIZilwsuwqqpV__wjiVFbPaW1yupyIMWiEdlqYfh17qkcY2iUNBPuaxgy0eb_03FpneqQY_Kh1n4QCzzWMAmd69itDbO4f9ED6HYuIAu3lOIkqj-iurUC5W4UbMc0vyPyoa_JtdEZDv1_FDw7ss9VOutA?authuser=0&fife=s16383,https://mymaps.usercontent.google.com/hostedimage/m/*/3AE5a_GwvpNk_o1iePUTedT6KWm6c0rXbuJ66x5kLcVTn4lxVWB0N7ElrACK9L8gIhO6LOjRQuVSuC8kpfBLC-fKmG4_CsjDjuRTL3C5fqZs0f7mFtRVGLuB63a62vwpRBAkn1jqn-wz2itmp2xXLUDDC3CgMjqB8bnDy4B3k0hGYxPyH5bIcydPoBJ0Cu77vCotbbC3gVh6j2urSbiseAslzaKXk4hdZJmn6ELDgY6CFecJnPIOJZRTk3MbQUNw?authuser=0&fife=s16383,,
豊田2_20251012,139.384935,35.6564839,3,https://mymaps.usercontent.google.com/hostedimage/m/*/3AE5a_GyeuZiKbOiPTokkYhVEWviRlulTg-8ty-1WQsfJc3eel5iJpnU8AK7h5Ep-JqQ-DMTxagmWOoQ7l4ajVSydkRxyB8gFWe_z_aNFcnAgfJv_IhlbnsV7f0vjOng9698Bu29zW4EUJZwpqKFSuQHwRVOFW0a98yWC67gJ-qDLpZKa8cTnw9zNDvFlrYubiCjG37sBYPEfEfACvkpzg_bEZacT3dAyK5P523AlSV_Jeglt0gVlX6WqQGwW9VE?authuser=0&fife=s16383,https://mymaps.usercontent.google.com/hostedimage/m/*/3AE5a_GyKKUGiaZUcjn62xuVCaaQ38wVt9bx8RmEZxNOlT5XxNpOzpydKcbCjFmpK-XwKMKRdUVPgpik2PZHiAym6gBmrYTDCGVQLfR6zoLyGeA3wfZiFGOqSAHU3MNpKONplAjJNOBSBfziSCeTj6Q5qYwUyIoMZoHlVngWHuR9T47QM-hpb0F-SzLxWcHld83pfFLOT-0XUCI2c5hNa5L_XkoVF61Zb6PrUPi_WgjHGlOthAuv9Cko-C66ssVE?authuser=0&fife=s16383,https://mymaps.usercontent.google.com/hostedimage/m/*/3AE5a_GyoxJoW_NZ8Lol5mFFFZPXlNqtPbN1daSmipkhNB7600cvrNBiYvvjLcbq_FP-F4gOwFPGHXbtsXAX7e3Q8tV80jS-dmR9rAyHM4UM4oSLQ-cI036s4CfNF81MI1yFXNHKtfpUMUnlQ2cJDHiSZwyWkXmvv4NwnhFZ_ssfXdtMEkdaB8noTTLYALklCgwC7UYGghIOL1ExcylA8qgVU-AsK7_1q0VV0STFKomv0YnTAm94EHz-8H9IpS90?authuser=0&fife=s16383,
東豊田_20251012,139.3895054,35.6631689,3,https://mymaps.usercontent.google.com/hostedimage/m/*/3AE5a_Gx1Cqq1wf0Coh0_uejFXSlnhDEsf6S_fCR0wg45qcHiGG6gPctv5IQ8vewuNHU_rsmuLjJtIj61qlA6nIM9ZIb5qWv5Hk0K1tf2hPWYjewvLz5iZGCmDLK9QazpG6-MVh1vTr6wJ-XEgokddPvdoqRX-3Rf-VhoRFVlsQva1KXuSRX3M0K5_dIx9iIMeDA3_5v2oCmf3a1VFkyyX6o98jJFubSVdsi7rs6TTweoWfO_OVfzzeZK9IVFojQ?authuser=0&fife=s16383,https://mymaps.usercontent.google.com/hostedimage/m/*/3AE5a_Gznsrhh3gKuT0UaT71xof4p3xXKRojyRwmoRQ2eq_7Ez6ayzUn_xNcRkg36AAgvqSE5QtQNqCnYqnHuu3iOTQ2CBJQ5HolSks7fbkfhFmaOO7mdVYcsDQ5JTOSL5NcLDdSaO0s8lWeGMOCUMkuv4i1TUFxKFMQFokQYCnZz_70nUDm0lMzGhxOAdlT59CbzjT9Cc80UHzBQwpGKpBxe2xpDdbZulTrssJS1gYIS8q1X58kRIOKzI325jAA?authuser=0&fife=s16383,https://mymaps.usercontent.google.com/hostedimage/m/*/3AE5a_Gy98JWo5yXnbL1vNxH5sSYm29NaGR4M6GkhY4X1YKaD1w-fZPHQYSYXEE7EM3zOHlXUa2qqBJTuh0T2413eWGx8WDdH2rsVfgiDXQ7he72_Jeg8etZiFuN2nn_RcBojFdCNaQmUhlqAa3EaglS8qeswpJmwHOHn6D3QuHIkfITFmor153wZEk45d_D4KBuUXn-BOgHlFiD8TxxvzKtdG-BiNa1wiJ90-zpcrYmq2r65NlpkraWAK6l7bY8?authuser=0&fife=s16383,
豊田3_20251127,139.3826244,35.6568998,3,https://mymaps.usercontent.google.com/hostedimage/m/*/3AE5a_Gyxm5_1n6sJrHDLH9DUb9x6-qssMn22Gcr8RsfFO4heiAtK1K82KyrcT2oDllHVGkA1VttwZaolahGzuCFrqlK3j5CD1eRQHrlLDCff-iUZrZFMJm9xZ3gTIgnc7gy0rs30ldt1g0k5U5Hhos8stb1_uFi2b5N9lZFeJLfRb8aA_iEnx5ya0Zw-GcGJdodlrh92hDCXbBri5_AakltwiL6l---tCBcDa1PbGC-s2stkm4q83y2gBSdwZoc?authuser=0&fife=s16383,https://mymaps.usercontent.google.com/hostedimage/m/*/3AE5a_Gwb_dnz0QTu3CAdZgDV_F30Tu-hlwWT8ht5delDCy0EbywV7xnbvx2YFs5PdQCNAR8VpZR2vs9r1whklU0AIvFkkTfdppxNsomAxnKx4ODBTz_nCbgJB-8Bt8Yy7NcXDJxExWQ5zlbNATMcVgARLfPbXEiBMWh5t2TJwh6koLyLc04N8OTI50q0HHHhJtBvt88VtvW1psWSb_VbCYi8Yi4vyE-YvyvOhZQWc5yYrljDYmstjf5uLvXfNrs?authuser=0&fife=s16383,https://mymaps.usercontent.google.com/hostedimage/m/*/3AE5a_GxcA7gUGEImIV-eyx69kmfpekumGXvob_sxvo3BMzpYkeM4dc_boDvbC0G9gK2PHiQeG0WRVRg9dfpUCjU7HXnFWlV4c0UHr7OB1Hf_QJBDIhCEA0UUg6Zpaq8BsFzg17VTIOY_UscTWfoh5-dJUuIERS4Vrd2dbBmsYApTiWbtzWvsY9rTTX6Yfe_kl3l0mREm4PiW4xa3kx-L7GTwbcQufMg3NixUTn4k0PNtbC3XaSaqHO1qCdERyq0?authuser=0&fife=s16383,
豊田4_20251127,139.3816535,35.6563114,2,https://mymaps.usercontent.google.com/hostedimage/m/*/3AE5a_GyxHLXspmOvaSX9X2vK9OFfc6HaPsP_xFJBuNxpXZD0aoKoBcOpgNuSTiixqAcdfVpr8giPmDy4QGUmTafFasZdDMqm3WxpKx19PVQs_QIfCnzGudxmiK8n09lTP4CwcZNZ7vIx-YO4BDsJ4ARMNwvwndZ6-FlFMZOKOpKD5QhB_GxEMrhN-dpZHhTe8Bwa7oEettpW9iuLif5zk6QVImymW69BA1YQuzPVixkohvWlMkWnDVneqZTfmqo?authuser=0&fife=s16383,https://mymaps.usercontent.google.com/hostedimage/m/*/3AE5a_Gx_eVBkRJA7kX2sxIQ8yPvYLu0dQUlUwoSgg6V8Bk_F_4DgXI4NI4PFdNi5kkVOpDzb_UVBElhpGxOd3Q42Gy_t_Qg4qIP2YGmhkpkH3JJ4hr1MId5x20VH114v_4uNCZTejBs0Sa8uckcBEsdqF-FGIGh3ktM13YAhWBWmjPXubn_cX9ZxRTNTSqnqaqVu4VWoERwi_Ea7ZitM4GInC_yJ21-btfGC5Z-QOFC4fzHkdVjztLkWk4ySOP4?authuser=0&fife=s16383,,
豊田5_20251127,139.380602,35.6572005,1,https://mymaps.usercontent.google.com/hostedimage/m/*/3AE5a_GzlujVERoEkjLnkNsdijpEJqY_Qhn4C-XTi7YmqXQQZu8vrdqDalu_2-svA8Q1NpZNEFX0RqMhGpKX4AAxWmq9p4j_HIf86LiqLBofLaA42AUkHtJqFUOvq7CBNBuPI0qcEjrg2GZHXyZoL2ZX4ojVgjvjJGp7lhtRMrWv9Z24qkB3FXJ5e-2JvYgyu1VhTm1oiGz7NXhSxx63XMhJjwLk7BwtP1Z3dMmJYG8tatTVEPF6qS3CKYyYZ-v4?authuser=0&fife=s16383,,,
旭ヶ丘9_20251130,139.3735724,35.6572727,3,https://mymaps.usercontent.google.com/hostedimage/m/*/3AE5a_GzNm_bJcOQnYSAZu_ZNmQTlrC6LUxsXXffyfKh4OVTa2c00M9Oa3o2ZRnqCcoEQj4PK93gRshKIaHVO4RAJQ1yPiQT9DS7gt2EaIiGz16kD3VTGll32-CAJ3QoEDeNwqdwTncdRmV0a500BoWqyUriyP8PVqWgwGliAUzGWevWd8CVbksEWOAzpOgX3qB4KIsrfVFbQ6ZnIZPGMt0HOBOK2MuGz47DNMKGbtlC5Mu5NJgkw3_L_vSNEOAU?authuser=0&fife=s16383,https://mymaps.usercontent.google.com/hostedimage/m/*/3AE5a_Gyxjv2DkJOeO395yYE76S_kXZ1sG5Hnny5tlcg_EAXRvkzAiVcxPs-gI90bnKP52atK1UB9uOX4aVDhXB7PMnGIZDgRIzxwSwZoEYq9yRR9OVB-RfkNjEETZZW3TLvl8cW9FhmWKn6c3BMjanvTOcKOIB_MY3m4QA_p8uMK1BIoRq6fyNkZvCHW2_XlnQa4KQjNfWyGkLUBKaFit_ylGOfiDDWTD6PcgsKouNgT5vAJ9aeLufIwH1eZG8c?authuser=0&fife=s16383,https://mymaps.usercontent.google.com/hostedimage/m/*/3AE5a_GxPl1I7xMS3ABGLXPxYlQArDSOr4qESROOXpk-xtIat-__mRRvtP1gkD_1CKxuiTnHGK_7GbOGsaDU9EhzoZONgdxSPUGDDflyi9S4qi3Fnl09wPIDk5TLMlyuiYTcYw4E_dwQ5zw89uA5coDXoJsj1myIgR4L0-7_KAP6MQfO-Y-UObSUiASQ1TS0nXVe8_WIVbaLosD5cBCpKrZLs1d4DlWrBEL_Aw7E5rc6qVexx2Ajhb8a7qcS6pQE?authuser=0&fife=s16383,
旭ヶ丘10_20251130,139.3705436,35.6543465,2,https://mymaps.usercontent.google.com/hostedimage/m/*/3AE5a_GwCTDx2uuVQc3zUvZmQZwI9SBcgINfjuiGrTEUCr-trvSp6Po52ABc8cA4nV4HczAPqbusBLe4RgdAEUZQuNOkDzpiz0kRCHxmUjfXr8sS-mV33kq-1yKaLpQPeMlLS7JQKkGbDqdvsuLclHkVO0b6FD-rSvNI67Yx4DIGCJ0KUFPU46wI8ArCQtb7YWs6Hf6U-p4_23bFaackD4_L7yoTBV6iyV_ZGu1I7OQLG59O_ldSgrNuGcv1WCXs?authuser=0&fife=s16383,https://mymaps.usercontent.google.com/hostedimage/m/*/3AE5a_GyIAWkStaFrql0geYASbduCsdscPmNJxNtmQGJZFAMtEiAy4iGd1zxnFuSudpJWxcSj1SW4Ux1B5nImwkYc2XRvsfUt3bIWSZACR5m9gOeoEXILiEKuzOQIWbjBbo1_XLy4zevc9-VG0sVg0-eg11zeUC3aD6B41mB6IFoSmbqfoTFq9jP9wds8x2b5QNQDF2Jfy8QzGlzvzN7EioIQXxHhTI9gKsmH3vbDifLDoTxFiE_6XiN7HpEoCPQ?authuser=0&fife=s16383,,
旭ヶ丘11_20251130,139.3674806,35.6530584,2,https://mymaps.usercontent.google.com/hostedimage/m/*/3AE5a_Gz0xZQTs9CGn5GLZBQPS7BQOYQ696lu7k4qG-5yzQRcYM3dGdjZnVidEXk7zUdcgoOFl2iFwP-Vf8lW-VZDprQ6o3_eAJ3IQ1-g3j5JDfBFVZlpFdiTJi8WEF5kRbx00Bm494g_9AY__m92M99MGcL_d8YHAxmFMIfznXmwkrHyweIyps3WRDkh28PyFeVEmWMPVTctMjwtcKrqx8mDZpwXIBGD8nov3_k54rULiTr1sFX-9PiyXeqw7fk?authuser=0&fife=s16383,https://mymaps.usercontent.google.com/hostedimage/m/*/3AE5a_GzOwVIRl7pfR6NOuJGd1yq-e4eqliIAgEPSu8xuqebPBhgNmqpUSnIIOmWwGtMLjLiUmJ7zF2ut5ocMF4P1tgR5o4_grIZ1p-u4VUevLyfwxxuZRq4btEeTCuY-_0IjemR6ZhTnuPeOHrV_4lmKn2XrgRgqIjjGdSNrqL8ZDcuRrTTlUHUUbnOtuo89gK6mTtANZ1qs9-TqOuLPgED9aDUvMzXDBlo6RUDC6eK9sT0qhCyzC19hjXlo3ng?authuser=0&fife=s16383,,
旭ヶ丘12_20251130,139.3740707,35.6550461,2,https://mymaps.usercontent.google.com/hostedimage/m/*/3AE5a_GxAFGEsYAb_8J7_g22TgxrK6-hPzLHeNw87dwfro0SOXQTsRbZ9OPMDw4z7B9m3fCOV3OOhMKTtnUzSd9AzuMSitEMZL_ByFR6WxOStni3syrJqWLxl8Q_VD08c_bhBce_YB9zr0QaP1KAXHIDb5dsjyjw2DftgpGnGEoHQPlgMUSM5xSZ-8ACOwru4CICj_rpbS8m6swOxww9TJpLvaLPzqWcyU-NHIGFW6Y6c0gtcRTr7wjo2uyWlhhk?authuser=0&fife=s16383,https://mymaps.usercontent.google.com/hostedimage/m/*/3AE5a_Gwfpg3rCpNTkVdauxeYhFnZIgHvNlTr5gwGkFNDXtegiEzHDr6V-kUvBRZA6ba4I7NsY98VjN3biO15A9i0vAV8VKHKdWfQuMzhEZpHjcGmil2rxl8GZdjb14YHB71miHvMuZk4OPaC9KWObZ1eTspMNaiFGeSZtlSSC69lHv1HDM5TIU2OgJRsT4eRetI3T5zteLNSOuBL1mtniXHsf0k966ecXi-j5BzxtyOpJFG6bQJ_hN-VLd_ddLs?authuser=0&fife=s16383,,
ポイント 65,139.3752368,35.6563352,0,,,,
豊田6_20251130,139.3817761,35.6552958,3,https://mymaps.usercontent.google.com/hostedimage/m/*/3AE5a_GwkeJpOi7XxjhWv880Jgr4ru10ujwiZ1iZPgyrfJq5yIRYU7UyraV9Ow_r-YcMDN3ZIsIdqTJUHBMxI6BSaMbx24DohhZyUAMmyMUUhDvL4ciKiFVR_wB2wITuQYhBEt-wun3ryb7KDRWzHNo5IyubzQ7AgzvLIHd-nF0kHWqrt4goysyEp1F_0etLsfqGl0LBkDFYEO9qdbkOnD3RJvFt2OKRJ4W8WqfPuYWBV0957qhRaEjOUKK8Xcbw?authuser=0&fife=s16383,https://mymaps.usercontent.google.com/hostedimage/m/*/3AE5a_GzxyLYn-NQ3q5o7KHaFHE2H9AHyp-nnYpOHZfb8jJsNw16O8q0Jw7NKF7QNcQjNWeczsORUb76Jn9roXgrg-T5jltE2LTR0N5m2k2AcDBac9oauuomEGnoxrHmuhcgTmNtw1nAE5cUYY1w0qoyhg0PMsV2Jd2Nqkaev7BAcVCnh4lKGoD0MK7h83arSSPuSd2Cpn0_b4ywAwfaI9i6RXDxhWYu_--N_Gf3A_oIGmb6P9oymqi2NAIg7RE8?authuser=0&fife=s16383,https://mymaps.usercontent.google.com/hostedimage/m/*/3AE5a_Gx18cZNskGFe01id-6lBCFC-Uh_py9Tv8ekzzMTpiqBv4kNcAmEuEYmxwTiI7Vf07a9K-QPZKp_6UgqGqpZAh0vtpDfqnLLYbxoIeK2ru3zyodqN9dxjawZUI1s-VzTdDkMJrPqG09syOI27kWta3MqX70q8rdiHrnoJx2QD2VdxeuxMYxwpCGsW1dmgrygZcxVvrN8kDs8eisHeZBqtqpbnkJpAjU6I1CsvieA8ASbkyDnGjO0QyhGn8o?authuser=0&fife=s16383,
20251226,139.3892302,35.663957,2,https://mymaps.usercontent.google.com/hostedimage/m/*/3AE5a_GwmsuGsx5erwnHlL65HxJZruANYPNDip1NPZ8IZj2j_gU2m1XwihEp1j65eQOONoaPjbWdoZGSjR7aUMGoHFezcXnOdoJi7rmvNoxAa6Qu2KCJy6NVg4x7sLBnwk7dqBBkQAxzEi9wu_lLjbLyghu2H4rDqkxlZ02vYcU1ynWblQw-cVoMmQ-0WgpRB2m7AfMm6KH2ob4iOeOZvp3JSSAcWOw6lt5D5GRrwFJm_-pMASazI-F6tMQMtFto?authuser=0&fife=s16383,https://mymaps.usercontent.google.com/hostedimage/m/*/3AE5a_Gyyz6TiLfKMAd65aDNIoMTL47TlK6KbMfC-cA9m1ai2wKB327e0s0oaJFVXkg_fSc6FGDGVucHo_tD99Pqn73I2YwbCI8lagcARDtQifeyjdeD0I_zaIM54VETP0vGr52IPdtsk4LKh0SmgqGOFwQFiCAPGRCKWXjcAhkXYvV3ZA98-QT2JNkV7ALoga5YbbJJuh04s8OZNlYPeyRZUcRdZrIsyp3QMo7UxTyEAXLmE9-4JkhlitnwuCTY?authuser=0&fife=s16383,,
20251226_2,139.3901539,35.6637218,3,https://mymaps.usercontent.google.com/hostedimage/m/*/3AE5a_GzeF9-7I3hEujHdhCYqCV4v99s6Uljv3Wo7pZnZreNft-8YSm-S_QCB112Uxd4HsL766heNkxMvkloxPL77qdoUzOZ_MMV1Kxa0MIht53LbVrzicpF9tpwofqtOSN_BFuGds75PlFHrlxlfFpa4AU77Axh5LK9hK_frY7zw_D6oJ2wGful2eMlRDMEFkwojJltflsuGdXHiiLtbj85G5a29UX5KFd2tGaSH3yx7cScILmtR4aK1JC0B0oU?authuser=0&fife=s16383,https://mymaps.usercontent.google.com/hostedimage/m/*/3AE5a_Gx29N7YQ--9mzNzN8-8muPih7p0HfFEYaKXhwoGwA5sRjtAgZvCuxHXWnNP3IWe3HUbCbdvp1mdXAitqoI7z0p6kex1XFyfMTNviQymIMKCSVX9wkFegCE1hhSbCu0f7xMkMqKDe9aJoUwjZPd4IPBXhzJxh-JFeFvltZ0SOyWD26vPoXThP5aWa8DYqTggXMWOuwIV1otwnB5P6MTpPEhS7aeCAdEPMddYbeyPTdyIyoI74qRfaFn8HLE?authuser=0&fife=s16383,https://mymaps.usercontent.google.com/hostedimage/m/*/3AE5a_Gw99z19McJaIu9dhpJHH3C5LpX8ou0p6D_PoarR2Suqqf6IpZyijUyAUfaWTdNmpzhKYH4dKcWZj_NwfJoiY6gjd17ed_iPLGl1qLzvOum7RvUr5IEXlHFR9z8YmivAKlhfMYPrE6cDwOMaYfh0WAFgBhYi_xQmqpvOUr6biAYWIP_n9SJPoT5K_X9zprU3HfxMt_oCD3KuI6B2rwrLCLdhf_gnlKY4NKUJ26swxYEgvQjq6FfhHVoT10U?authuser=0&fife=s16383,
